product_id,name,game,drift_7d,volatility_7d,last_price,sharpe_ratio
658218,Darkwing Duck - Dashing Gadgeteer,Disney Lorcana,-0.038769,0.084474,0.22,-0.4590
658219,Launchpad - Trusty Sidekick,Disney Lorcana,0.000000,0.058892,0.09,0.0000
658220,Angel - Siren Singer,Disney Lorcana,0.000000,0.091481,0.22,0.0000
658221,Stitch - Carefree Snowboarder,Disney Lorcana,-0.013650,0.058746,1.04,-0.2324
664819,Disney Lorcana: Winterspell Booster Box,Disney Lorcana,0.000365,0.008300,116.71,0.0439
664820,Disney Lorcana: Winterspell Booster Box Case,Disney Lorcana,0.000098,0.001229,486.2,0.0795
664821,Disney Lorcana: Winterspell Booster Pack,Disney Lorcana,0.004626,0.010374,5.23,0.4459
664822,Disney Lorcana: Winterspell Sleeved Booster Pack,Disney Lorcana,0.000500,0.050000,8.07,0.0100
664823,Disney Lorcana: Winterspell Sleeved Booster Pack Art Bundle [Set of 3],Disney Lorcana,0.000500,0.050000,31.99,0.0100
664826,Disney Lorcana: Winterspell Illumineer's Trove,Disney Lorcana,0.005210,0.004764,49.97,1.0938
666906,Mega Evolution: Ascended Heroes Collection - Erika,Pokemon,-0.005094,0.018473,23.32,-0.2758
666907,Mega Evolution: Ascended Heroes Collection - Larry,Pokemon,0.003350,0.010796,24.2,0.3103
666908,Mega Evolution: Ascended Heroes Tech Sticker Collection - Charmander,Pokemon,0.005670,0.013116,34.95,0.4323
666909,Mega Evolution: Ascended Heroes Tech Sticker Collection - Gastly,Pokemon,0.008678,0.017892,34.74,0.4850
668328,Disney Lorcana: Winterspell Gift Box - Scrooge McDuck,Disney Lorcana,-0.007452,0.011170,18.72,-0.6672
668330,Disney Lorcana: Winterspell Collection Starter Set - Stitch Edition,Disney Lorcana,0.008110,0.007703,25.15,1.0529
668496,Ascended Heroes Elite Trainer Box,Pokemon,0.008397,0.017984,138.52,0.4669
668497,Ascended Heroes Pokemon Center Elite Trainer Box (Exclusive),Pokemon,0.011937,0.013194,433.81,0.9047
668530,Ascended Heroes Mini Tins 5-Pack,Pokemon,-0.005460,0.011688,109.3,-0.4671
668531,Ascended Heroes Mini Tin [Pikachu & Tepig],Pokemon,-0.002342,0.012620,22.74,-0.1856
668532,Ascended Heroes Mini Tin [Riolu & Darumaka],Pokemon,-0.004875,0.017032,22.88,-0.2862
668533,Ascended Heroes Mini Tin [Zorua & Cramorant],Pokemon,0.000273,0.009298,22.9,0.0294
668534,Ascended Heroes Mini Tin [Togepi & Totodile],Pokemon,-0.004297,0.012014,22.59,-0.3576
668535,Ascended Heroes Mini Tin [Clefairy & Chikorita],Pokemon,-0.003445,0.013013,22.19,-0.2647
668536,Premium Poster Collection: Mega Lucario,Pokemon,0.004703,0.029366,121.61,0.1601
668537,Premium Poster Collection: Mega Gardevoir,Pokemon,0.001462,0.035973,118.69,0.0406
668541,Ascended Heroes Booster Bundle,Pokemon,-0.029819,0.032614,81.03,-0.9143
668576,Anna - Soothing Sister,Disney Lorcana,0.014470,0.036197,2.47,0.3998
668577,Do You Want To Build A Snowman?,Disney Lorcana,-0.008624,0.040525,0.28,-0.2128
668603,Maze of Muertos Booster Box [1st Edition],Yu-Gi-Oh!,0.008926,0.007502,80.97,1.1898
668604,Maze of Muertos Booster Pack [1st Edition],Yu-Gi-Oh!,-0.000831,0.002463,4.5,-0.3372
670163,Scrooge McDuck - Miserly Ebenezer,Disney Lorcana,0.000000,0.066766,0.08,0.0000
670164,Jiminy Cricket - Ghost of Christmas Past,Disney Lorcana,0.019269,0.050981,0.07,0.3780
670179,Starter Deck EX: The Beat of Ki,Dragon Ball Fusion World,-0.001844,0.002850,34.31,-0.6471
670181,Starter Deck EX: The Beat of Ki Display,Dragon Ball Fusion World,0.000500,0.050000,141.0,0.0100
670270,Willie the Giant - Ghost of Christmas Present,Disney Lorcana,0.008067,0.059519,0.16,0.1355
672189,Son Goku - FS12-01,Dragon Ball Fusion World,-0.014723,0.019626,0.56,-0.7502
672391,Ascended Heroes First Partners Deluxe Pin Collection,Pokemon,0.013061,0.010847,53.42,1.2042
672392,Ascended Heroes First Partners Deluxe Pin Collection Case,Pokemon,0.005033,0.004162,294.69,1.2094
672393,Perfect Order 3 Pack Blister [Chikorita],Pokemon,0.007798,0.012494,23.15,0.6241
672394,Perfect Order Booster Box,Pokemon,0.003150,0.020340,206.57,0.1549
672395,Perfect Order Booster Box Case,Pokemon,0.001208,0.013538,1165.68,0.0892
672396,Perfect Order Booster Bundle,Pokemon,-0.005094,0.021819,39.19,-0.2335
672397,Perfect Order Booster Bundle Case,Pokemon,-0.015238,0.016457,972.71,-0.9259
672398,Perfect Order Booster Pack,Pokemon,0.012090,0.035113,6.4,0.3443
672399,Perfect Order Booster Pack Art Bundle [Set of 4],Pokemon,0.000500,0.050000,37.3,0.0100
672400,Perfect Order Build & Battle Box,Pokemon,-0.048273,0.072740,33.69,-0.6636
672401,Perfect Order Elite Trainer Box,Pokemon,-0.007870,0.034251,68.94,-0.2298
672402,Perfect Order Elite Trainer Box Case,Pokemon,0.001078,0.002090,727.8,0.5159
672404,Perfect Order Pokemon Center Elite Trainer Box,Pokemon,0.000038,0.018422,133.05,0.0020
672406,Perfect Order Premium Checklane Blister [Meganium Line],Pokemon,0.021393,0.014351,17.68,1.4907
672407,Perfect Order Premium Checklane Blister [Cinderace Line],Pokemon,0.010393,0.014025,16.42,0.7410
672408,Perfect Order Premium Checklane Blister [Steelix Line],Pokemon,0.011905,0.024336,13.87,0.4892
672409,Perfect Order Premium Checklane Blister [Clawitzer Line],Pokemon,0.012230,0.023885,14.27,0.5120
672410,Perfect Order Single Pack Blister [Makuhita],Pokemon,0.016228,0.019899,10.76,0.8155
672411,Perfect Order Sleeved Booster Case,Pokemon,-0.001560,0.002045,948.12,-0.7629
672412,Perfect Order Sleeved Booster Pack,Pokemon,0.001739,0.024124,7.24,0.0721
672413,Perfect Order Sleeved Booster Pack Art Bundle [Set of 4],Pokemon,-0.000501,0.010363,29.87,-0.0484
672414,Code Card - Perfect Order Booster Box,Pokemon,0.065762,0.173989,0.22,0.3780
672415,Code Card - Perfect Order Booster Bundle,Pokemon,0.000500,0.050000,0.05,0.0100
672416,Code Card - Perfect Order Booster Pack,Pokemon,-0.027893,0.073798,0.04,-0.3780
672417,Code Card - Perfect Order Build & Battle Box,Pokemon,0.000500,0.050000,0.39,0.0100
672418,Code Card - Perfect Order Elite Trainer Box,Pokemon,0.000500,0.050000,0.1,0.0100
672420,Code Card - Perfect Order Pokemon Center Elite Trainer Box,Pokemon,-0.035960,0.095142,1.5,-0.3780
672431,Pete - Ghost of Christmas Future,Disney Lorcana,-0.004718,0.084448,1.3,-0.0559
672432,Graveyard of Christmas Future - Lonely Resting Place,Disney Lorcana,-0.006099,0.036639,0.2,-0.1665
672433,Scrooge McDuck - Reformed Ebenezer,Disney Lorcana,-0.005770,0.072064,2.54,-0.0801
672434,Ascended Heroes Booster Pack,Pokemon,-0.006452,0.014127,10.76,-0.4568
672733,Ascended Heroes Mega Meganium ex Box,Pokemon,0.003907,0.002843,72.8,1.3740
672734,Ascended Heroes Mega Emboar ex Box,Pokemon,0.004605,0.002128,73.26,2.1640
672735,Ascended Heroes Mega Feraligatr ex Box,Pokemon,0.012189,0.013821,78.57,0.8820
672737,Ascended Heroes Mega ex Boxes Case,Pokemon,-0.004753,0.003987,556.82,-1.1922
673067,Ohana Means Family,Disney Lorcana,-0.001861,0.021992,15.33,-0.0846
673068,Ohana Means Family (Enchanted),Disney Lorcana,-0.000725,0.001893,156.52,-0.3828
673069,Pleakley - Arctic Naturalist,Disney Lorcana,-0.031414,0.080276,0.07,-0.3913
673070,Jumba Jookiba - Prolific Inventor,Disney Lorcana,-0.006412,0.073923,0.19,-0.0867
673071,Snowball Fight,Disney Lorcana,0.000500,0.050000,0.04,0.0100
673081,Mickey Mouse - Snowboard Ace,Disney Lorcana,-0.016691,0.104238,0.07,-0.1601
673297,Pocahontas - Peacekeeper,Disney Lorcana,-0.002366,0.046815,3.14,-0.0505
673298,Pocahontas - Peacekeeper (Iconic),Disney Lorcana,0.004406,0.008670,507.87,0.5082
673299,Moana - Curious Explorer,Disney Lorcana,-0.001059,0.021946,15.28,-0.0483
673300,Moana - Curious Explorer (Iconic),Disney Lorcana,0.005494,0.014536,613.69,0.3780
673301,Dr. Hamsterviel - Infamous Scientist,Disney Lorcana,0.013903,0.037380,0.19,0.3719
673302,Elsa - Concerned Sister,Disney Lorcana,-0.035960,0.062498,0.06,-0.5754
673303,Elsa - Ice Artisan,Disney Lorcana,-0.001429,0.021016,3.48,-0.0680
673304,Freeze the Vine,Disney Lorcana,0.017888,0.031009,0.15,0.5769
673305,Gantu - Hamsterviel's Accomplice,Disney Lorcana,-0.013170,0.034845,0.09,-0.3780
673306,Reuben - Sandwich Expert,Disney Lorcana,0.002475,0.052282,0.51,0.0473
673307,The Cold Never Bothered Me,Disney Lorcana,0.012510,0.032635,0.21,0.3833
673308,The Frozen Vine - Monstrous Plant,Disney Lorcana,0.031414,0.127683,0.09,0.2460
673311,Angel - Experiment 624,Disney Lorcana,0.009526,0.017662,39.93,0.5394
673318,Genie - Magical Researcher,Disney Lorcana,-0.001799,0.046956,0.69,-0.0383
673328,Goofy - Ghost of Jacob Marley,Disney Lorcana,-0.012510,0.056369,0.19,-0.2219
673331,Donald Duck - Fred Honeywell,Disney Lorcana,-0.018774,0.021942,2.53,-0.8556
673332,Tinker Bell - Snowflake Collector,Disney Lorcana,0.004133,0.060698,1.23,0.0681
673335,Stitch - High Badness Level,Disney Lorcana,-0.000000,0.109001,0.06,-0.0000
673337,Beast - Snowfield Troublemaker,Disney Lorcana,0.000000,0.121331,0.29,0.0000
673339,Timon - Snowball Swiper,Disney Lorcana,0.010005,0.083293,0.13,0.1201
673343,Gramma Tala - Connected to Nature,Disney Lorcana,-0.000000,0.058469,0.17,-0.0000
673345,White Rabbit - Late Again,Disney Lorcana,0.000000,0.061526,0.12,0.0000
673350,Elisa Maza - Transformed Gargoyle,Disney Lorcana,0.000000,0.050626,0.15,0.0000
673354,Negaduck - Public Enemy Number One,Disney Lorcana,-0.010005,0.017334,0.24,-0.5772
673355,Darkwing Duck - Cool Under Pressure,Disney Lorcana,-0.012822,0.036877,6.11,-0.3477
673357,Winterspell,Disney Lorcana,0.000000,0.083285,0.08,0.0000
673405,Belle - Snowfield Strategist,Disney Lorcana,-0.029549,0.059393,0.6,-0.4975
673406,McHorn - Ice-Cold Officer,Disney Lorcana,0.086643,0.160205,0.06,0.5408
673408,Rabbit - Fed Up,Disney Lorcana,0.022790,0.060297,0.06,0.3780
673417,Pot of Honey,Disney Lorcana,0.000500,0.050000,0.04,0.0100
673420,Taran - Magically Armed,Disney Lorcana,0.022790,0.109298,0.06,0.2085
673426,Tod - Playful Kit,Disney Lorcana,-0.004386,0.089493,0.28,-0.0490
673428,Isis Vanderchill - Ice Queen of St. Canard,Disney Lorcana,-0.019269,0.084004,0.06,-0.2294
673430,Minnie Mouse - Spinning Skater,Disney Lorcana,0.000500,0.050000,0.07,0.0100
673432,Keep the Ancient Ways,Disney Lorcana,0.050683,0.119319,0.09,0.4248
673436,First Partner Illustration Collection (Series 1),Pokemon,-0.013731,0.034601,48.92,-0.3968
673439,First Partner Illustration Collection Case (Series 1),Pokemon,-0.006446,0.013192,294.4,-0.4886
673736,Morgana Macawber - Self-Centered Spellcaster,Disney Lorcana,0.000500,0.050000,0.04,0.0100
673737,Tigger - Bouncing All the Way,Disney Lorcana,0.038769,0.143169,0.15,0.2708
673738,Amos Slade - Tenacious Tracker,Disney Lorcana,0.000500,0.050000,0.05,0.0100
673739,Sina - Vigilant Parent,Disney Lorcana,-0.000000,0.111572,0.05,-0.0000
673740,Chief - Seasoned Tracker,Disney Lorcana,0.000500,0.050000,0.04,0.0100
673741,Piglet - Cocoa Maker,Disney Lorcana,-0.000000,0.050521,0.17,-0.0000
673742,Visiting Christmas Past,Disney Lorcana,-0.000000,0.028579,0.17,-0.0000
673743,Darkwing Duck - Drake Mallard,Disney Lorcana,-0.025955,0.065149,0.13,-0.3984
673759,Goofy - Marley's Clumsy Spirit,Disney Lorcana,0.050683,0.126968,0.06,0.3992
673760,Nani - No Worries,Disney Lorcana,-0.022790,0.060297,0.05,-0.3780
673761,Snow Fort,Disney Lorcana,-0.008067,0.037073,0.15,-0.2176
674317,Simba - Playful Pouncer,Disney Lorcana,0.019269,0.179406,0.07,0.1074
674319,Nakoma - Waiting Out the Storm,Disney Lorcana,0.019269,0.050981,0.07,0.3780
674689,Akood Et Emuti,Disney Lorcana,0.018087,0.107852,1.93,0.1677
674692,Let It Go,Disney Lorcana,0.031414,0.165785,0.63,0.1895
674693,Strike a Good Match,Disney Lorcana,0.000000,0.128921,0.05,0.0000
674694,Force of a Great Typhoon,Disney Lorcana,-0.031414,0.054553,0.07,-0.5758
674695,Let's Get Dangerous,Disney Lorcana,-0.017470,0.039639,0.2,-0.4407
674696,Colors of the Wind,Disney Lorcana,0.000000,0.073775,0.29,0.0000
674697,Flit - Reflective Hummingbird,Disney Lorcana,-0.000000,0.077075,0.06,-0.0000
674700,Pocahontas - Following the Wind,Disney Lorcana,-0.018553,0.087453,1.25,-0.2121
674701,Meeko - Skittish Scrounger,Disney Lorcana,-0.010876,0.064583,0.11,-0.1684
674816,Thomas - Wide-Eyed Recruit,Disney Lorcana,-0.000000,0.111572,0.04,-0.0000
674818,Pudge - Controls the Weather,Disney Lorcana,-0.023882,0.042678,0.19,-0.5596
674820,Pumbaa - Winter Warthog,Disney Lorcana,-0.035960,0.095142,0.03,-0.3780
674822,Pocahontas - Finding the Way,Disney Lorcana,-0.035960,0.131766,0.06,-0.2729
674826,David - Protective Snowboarder,Disney Lorcana,-0.000000,0.157786,0.05,-0.0000
674827,Fangmeyer - Icy Officer,Disney Lorcana,0.000500,0.050000,0.04,0.0100
674828,John Smith - Snow Tracker,Disney Lorcana,0.000000,0.091161,0.05,0.0000
674829,Nani - Stage Manager,Disney Lorcana,0.004386,0.083829,0.29,0.0523
674830,Percy - Pupsicle,Disney Lorcana,0.022790,0.109298,0.06,0.2085
674831,Wisdom of the Willow,Disney Lorcana,0.030145,0.039051,0.14,0.7719
674832,John Smith's Compass,Disney Lorcana,0.000000,0.056599,0.13,0.0000
674833,Zootopia - Tundratown,Disney Lorcana,0.022790,0.060297,0.06,0.3780
674840,Nala - Romping in the Snow,Disney Lorcana,-0.035960,0.095142,0.03,-0.3780
674841,Alice - Well-Read Whisper,Disney Lorcana,-0.025084,0.115920,0.09,-0.2164
674851,Darkwing Duck - Darkwolf Dog,Disney Lorcana,-0.000000,0.144078,0.05,-0.0000
674852,Eeyore - In the Way,Disney Lorcana,0.011914,0.047440,0.22,0.2511
675279,Eeyore - In the Way (Enchanted),Disney Lorcana,0.013639,0.013883,232.46,0.9824
675280,Genie - Magical Researcher (Epic),Disney Lorcana,-0.007936,0.007605,11.29,-1.0435
675281,Marshmallow - Cranky Climber,Disney Lorcana,-0.005103,0.073906,0.24,-0.0690
675285,Lumpy - Playful Heffalump,Disney Lorcana,-0.050683,0.088377,0.04,-0.5735
675295,"Witches of Morva - Orddu, Orwen, and Orgoch",Disney Lorcana,0.015645,0.066419,0.17,0.2356
675296,HeiHei - Persistent Presence,Disney Lorcana,-0.000000,0.111572,0.05,-0.0000
675297,Pua - Disgruntled Pig,Disney Lorcana,0.035960,0.095142,0.04,0.3780
675298,Come Out and Fight!,Disney Lorcana,-0.027893,0.073798,0.04,-0.3780
675299,Swordplay,Disney Lorcana,0.000000,0.175868,0.04,0.0000
675300,Mother's Necklace,Disney Lorcana,0.027893,0.073798,0.05,0.3780
675301,Mystical Inkcaster,Disney Lorcana,0.000000,0.056599,0.12,0.0000
675343,Grab Your Bow,Disney Lorcana,0.010876,0.076644,0.12,0.1419
675344,Wreck-It Ralph - Raging Wrecker,Disney Lorcana,-0.022132,0.050383,2.22,-0.4393
675345,Lonely Grave,Disney Lorcana,0.000000,0.091161,0.06,0.0000
675377,Lilo - Snow Artist,Disney Lorcana,-0.032796,0.117314,0.1,-0.2796
675378,Tiana - Warm and Happy,Disney Lorcana,-0.022790,0.109298,0.05,-0.2085
675379,Cobra Bubbles - Dedicated Official,Disney Lorcana,-0.011914,0.031521,0.1,-0.3780
675380,Stitch - Carefree Snowboarder (Epic),Disney Lorcana,-0.002301,0.010196,21.53,-0.2257
675381,Kristoff - Icy Explorer,Disney Lorcana,0.007145,0.048140,0.18,0.1484
675382,Anna - Little Sister,Disney Lorcana,0.000500,0.050000,0.06,0.0100
675383,Mulan - Resourceful Recruit,Disney Lorcana,-0.016328,0.096762,0.86,-0.1687
675386,Stitch - Naughty Experiment,Disney Lorcana,0.031414,0.101864,0.09,0.3084
675387,Yao - Snow Warrior,Disney Lorcana,-0.035960,0.095142,0.03,-0.3780
675388,Chien-Po  - Snow Warrior,Disney Lorcana,0.000000,0.091161,0.05,0.0000
675389,Ling - Snow Warrior,Disney Lorcana,0.031414,0.031569,0.18,0.9951
675390,Stegmutt - Clumsy Dinosaur,Disney Lorcana,0.035960,0.103217,0.16,0.3484
675391,Mushu - Sneaky Dragon,Disney Lorcana,-0.022790,0.097859,0.05,-0.2329
675392,Rafiki's Bakora Staff,Disney Lorcana,0.019269,0.050981,0.07,0.3780
675393,Retro Evolution Device,Disney Lorcana,-0.007145,0.092842,0.17,-0.0770
675394,Battering Ram,Disney Lorcana,-0.020882,0.059851,0.11,-0.3489
675395,Freeze the Vine (Enchanted),Disney Lorcana,0.006537,0.007179,64.57,0.9106
675405,Donald Duck - Nephew Fred,Disney Lorcana,-0.000000,0.077075,0.06,-0.0000
675496,Copper - On the Scent,Disney Lorcana,-0.031414,0.054553,0.07,-0.5758
675497,Mulan - Ready for Battle,Disney Lorcana,-0.013170,0.068428,0.09,-0.1925
675498,Maui - Snow Slider,Disney Lorcana,0.000500,0.050000,0.04,0.0100
675499,Iduna - Alarmed Queen,Disney Lorcana,0.000500,0.050000,0.03,0.0100
675500,Agnarr - King of Arendelle,Disney Lorcana,0.000500,0.050000,0.04,0.0100
675501,Negaduck - Evil Doppelganger,Disney Lorcana,-0.044584,0.080406,0.07,-0.5545
675502,Hercules - Spectral Demigod,Disney Lorcana,0.016691,0.080049,0.08,0.2085
675504,Slushy - Glacial Guster,Disney Lorcana,0.045966,0.046449,0.13,0.9896
675505,Goofy - Klutzy Skier,Disney Lorcana,0.018325,0.051055,0.22,0.3589
675506,Marching Off to Battle,Disney Lorcana,-0.014723,0.164116,0.08,-0.0897
675510,Kristoff's Lute,Disney Lorcana,0.008067,0.074666,0.16,0.1080
675513,Beast's Castle - Winter Gardens,Disney Lorcana,-0.014723,0.125887,0.08,-0.1170
675515,Elsa - Ice Artisan (Enchanted),Disney Lorcana,0.014879,0.016071,242.38,0.9258
675567,Secrets of Strixhaven Commander Deck - Silverquill Influence,Magic: The Gathering,-0.003447,0.007804,67.6,-0.4417
675568,Secrets of Strixhaven Commander Deck - Prismari Artistry,Magic: The Gathering,0.000083,0.016308,45.42,0.0051
675569,Secrets of Strixhaven Commander Deck - Witherbloom Pestilence,Magic: The Gathering,-0.004828,0.008587,64.25,-0.5622
675570,Secrets of Strixhaven Commander Deck - Lorehold Spirit,Magic: The Gathering,-0.003647,0.010466,44.58,-0.3485
675571,Secrets of Strixhaven Commander Deck - Quandrix Unlimited,Magic: The Gathering,-0.004403,0.005642,43.23,-0.7804
675572,Secrets of Strixhaven Commander Deck Case,Magic: The Gathering,-0.023558,0.044688,230.82,-0.5272
675591,Stock Up,Magic: The Gathering,-0.039596,0.072212,14.57,-0.5483
675592,Stock Up (JP Alternate Art),Magic: The Gathering,0.000500,0.050000,30.0,0.0100
675645,Cross Force Booster Box,Dragon Ball Fusion World,-0.000163,0.000242,299.41,-0.6722
675647,Cross Force Booster Pack,Dragon Ball Fusion World,0.011925,0.031551,10.99,0.3780
675813,Erika's Oddish,Pokemon,-0.009263,0.181591,0.13,-0.0510
675814,Erika's Gloom,Pokemon,0.015645,0.135205,0.17,0.1157
675815,Erika's Vileplume ex,Pokemon,-0.056275,0.094685,1.02,-0.5943
675816,Erika's Bellsprout,Pokemon,0.035960,0.174748,0.08,0.2058
675817,Erika's Weepinbell,Pokemon,0.011914,0.129929,0.11,0.0917
675818,Erika's Victreebel,Pokemon,-0.027893,0.060797,0.16,-0.4588
675819,Erika's Tangela - 007/217,Pokemon,-0.025084,0.109367,0.09,-0.2294
675820,Chikorita,Pokemon,0.073473,0.180751,0.27,0.4065
675821,Bayleef,Pokemon,0.033533,0.166912,0.17,0.2009
675822,Mega Meganium ex - 010/217,Pokemon,0.002618,0.041483,5.79,0.0631
675823,Wurmple,Pokemon,0.014723,0.104227,0.09,0.1413
675824,Silcoon,Pokemon,0.039807,0.119806,0.11,0.3323
675825,Beautifly - 013/217,Pokemon,0.000000,0.097208,0.11,0.0000
675826,Cascoon,Pokemon,0.035960,0.062498,0.08,0.5754
675827,Dustox - 015/217,Pokemon,0.032796,0.105380,0.13,0.3112
675828,Budew - 016/217,Pokemon,-0.025084,0.172418,0.09,-0.1455
675829,Grubbin,Pokemon,0.019269,0.050981,0.07,0.3780
675830,Team Rocket's Tarountula,Pokemon,0.031414,0.153839,0.09,0.2042
675831,Team Rocket's Spidops,Pokemon,-0.000000,0.130010,0.11,-0.0000
675832,Charmander,Pokemon,0.044584,0.100185,0.1,0.4450
675833,Charmeleon,Pokemon,-0.030145,0.097004,0.11,-0.3108
675834,Mega Charizard Y ex - 022/217,Pokemon,0.009237,0.033653,7.3,0.2745
675835,Ethan's Slugma,Pokemon,0.000000,0.079015,0.09,0.0000
675836,Ethan's Magcargo - 024/217,Pokemon,-0.013170,0.205705,0.09,-0.0640
675837,Entei,Pokemon,-0.008067,0.137632,0.15,-0.0586
675838,Ethan's Ho-Oh ex,Pokemon,-0.014943,0.095910,0.63,-0.1558
675839,Numel - 027/217,Pokemon,0.013170,0.068428,0.1,0.1925
675840,Camerupt,Pokemon,-0.016691,0.044161,0.07,-0.3780
675841,Tepig,Pokemon,0.073473,0.118658,0.09,0.6192
675842,Pignite,Pokemon,0.014723,0.038953,0.09,0.3780
675843,Mega Emboar ex - 031/217,Pokemon,0.009013,0.105866,1.15,0.0851
675844,N's Darumaka,Pokemon,0.011914,0.182573,0.11,0.0653
675845,N's Darmanitan,Pokemon,0.025084,0.064536,0.11,0.3887
675846,Salandit,Pokemon,-0.000000,0.077075,0.06,-0.0000
675847,Salazzle - 035/217,Pokemon,0.035960,0.144602,0.08,0.2487
675848,Scorbunny - 036/217,Pokemon,0.063853,0.135767,0.1,0.4703
675849,Raboot,Pokemon,0.013170,0.079123,0.1,0.1665
675850,Cinderace ex,Pokemon,-0.009128,0.125395,0.66,-0.0728
675851,Psyduck - 039/217,Pokemon,-0.015170,0.220595,0.31,-0.0688
675852,Golduck,Pokemon,0.029549,0.117320,0.19,0.2519
675853,Totodile,Pokemon,0.050683,0.157800,0.15,0.3212
675854,Croconaw,Pokemon,-0.000000,0.134159,0.09,-0.0000
675855,Mega Feraligatr ex - 043/217,Pokemon,-0.002648,0.061155,3.27,-0.0433
675856,Sneasel,Pokemon,0.014723,0.038953,0.09,0.3780
675857,Weavile - 045/217,Pokemon,0.013170,0.063161,0.1,0.2085
675858,Snorunt - 046/217,Pokemon,-0.004903,0.088290,0.25,-0.0555
675859,Mega Froslass ex - 047/217,Pokemon,-0.009625,0.084186,9.62,-0.1143
675860,Regice ex,Pokemon,-0.009263,0.047229,0.65,-0.1961
675861,N's Vanillite,Pokemon,0.014723,0.133540,0.09,0.1103
675862,N's Vanillish,Pokemon,0.044584,0.057989,0.1,0.7688
675863,N's Vanilluxe,Pokemon,0.044584,0.096127,0.1,0.4638
675864,Snom,Pokemon,0.044584,0.078345,0.1,0.5691
675865,Frosmoth,Pokemon,0.035960,0.122444,0.08,0.2937
675866,Glastrier,Pokemon,-0.022790,0.058781,0.1,-0.3877
675867,Pikachu,Pokemon,0.045127,0.077601,0.33,0.5815
675868,Raichu,Pokemon,-0.009263,0.118541,0.13,-0.0781
675869,Pikachu ex - 057/217,Pokemon,0.001376,0.077225,2.74,0.0178
675870,Voltorb ex,Pokemon,-0.008624,0.136904,0.7,-0.0630
675871,Tynamo,Pokemon,0.000000,0.108894,0.09,0.0000
675872,Eelektrik,Pokemon,0.050683,0.192704,0.12,0.2630
675873,Mega Eelektross ex - 061/217,Pokemon,-0.014641,0.073623,1.69,-0.1989
675874,Stunfisk,Pokemon,0.013170,0.093653,0.1,0.1406
675875,Helioptile,Pokemon,0.039807,0.105177,0.11,0.3785
675876,Heliolisk - 064/217,Pokemon,0.031414,0.118586,0.09,0.2649
675877,Charjabug,Pokemon,0.016691,0.088830,0.08,0.1879
675878,Vikavolt - 066/217,Pokemon,-0.019269,0.104448,0.06,-0.1845
675879,Tapu Koko,Pokemon,-0.031414,0.158570,0.07,-0.1981
675880,Hop's Pincurchin ex,Pokemon,0.004465,0.074141,0.57,0.0602
675881,Iono's Tadbulb,Pokemon,0.014723,0.115651,0.09,0.1273
675882,Iono's Bellibolt ex - 070/217,Pokemon,-0.026889,0.082906,0.5,-0.3243
675883,Iono's Wattrel - 071/217,Pokemon,0.050683,0.088377,0.12,0.5735
675884,Iono's Kilowattrel,Pokemon,0.078576,0.189564,0.15,0.4145
675885,Miraidon ex,Pokemon,0.001908,0.090600,0.66,0.0211
675886,Clefairy,Pokemon,0.061560,0.081359,0.18,0.7566
675887,Clefable,Pokemon,-0.013170,0.063161,0.09,-0.2085
675888,Lillie's Clefairy ex - 076/217,Pokemon,-0.026964,0.156025,1.08,-0.1728
675889,Team Rocket's  exeggcute,Pokemon,-0.000000,0.096674,0.08,-0.0000
675890,Team Rocket's  exeggutor,Pokemon,0.031414,0.179749,0.09,0.1748
675891,Team Rocket's Mewtwo ex - 079/217,Pokemon,-0.010600,0.072502,1.13,-0.1462
675892,Togepi,Pokemon,0.055229,0.074710,0.14,0.7392
675893,Togetic,Pokemon,0.011914,0.053724,0.11,0.2218
675894,Togekiss - 082/217,Pokemon,0.050683,0.082453,0.12,0.6147
675895,Marill - 083/217,Pokemon,0.000000,0.094991,0.11,0.0000
675896,Azumarill ex,Pokemon,-0.008526,0.119296,0.85,-0.0715
675897,Misdreavus - 085/217,Pokemon,-0.027893,0.108089,0.08,-0.2581
675898,Mismagius,Pokemon,-0.000000,0.088506,0.14,-0.0000
675899,Ralts,Pokemon,0.045966,0.135122,0.13,0.3402
675900,Kirlia,Pokemon,0.015645,0.040671,0.17,0.3847
675901,Mega Gardevoir ex,Pokemon,0.026986,0.146059,1.03,0.1848
675902,Shuppet,Pokemon,0.013170,0.082247,0.1,0.1601
675903,Banette - 091/217,Pokemon,0.060688,0.120887,0.13,0.5020
675904,Rotom,Pokemon,0.009263,0.081609,0.14,0.1135
675905,Swirlix,Pokemon,0.013170,0.063161,0.1,0.2085
675906,Slurpuff - 094/217,Pokemon,0.039807,0.119512,0.11,0.3331
675907,Hop's Phantump,Pokemon,0.058750,0.066896,0.24,0.8782
675908,Hop's Trevenant - 096/217,Pokemon,0.020882,0.103609,0.13,0.2015
675909,Team Rocket's Mimikyu - 097/217,Pokemon,0.055229,0.087340,0.14,0.6323
675910,Spectrier,Pokemon,-0.007145,0.124188,0.17,-0.0575
675911,Munkidori,Pokemon,0.021481,0.102808,0.19,0.2089
675912,Team Rocket's Diglett,Pokemon,0.031414,0.094428,0.09,0.3327
675913,Team Rocket's Dugtrio - 101/217,Pokemon,0.027893,0.082470,0.1,0.3382
675914,Hitmontop - 102/217,Pokemon,-0.000000,0.071037,0.1,-0.0000
675915,Meditite,Pokemon,-0.000000,0.168825,0.06,-0.0000
675916,Medicham - 104/217,Pokemon,-0.014723,0.107631,0.08,-0.1368
675917,Lunatone,Pokemon,0.058750,0.125278,0.16,0.4690
675918,Solrock,Pokemon,0.011914,0.104025,0.11,0.1145
675919,Regirock ex,Pokemon,-0.006639,0.075098,0.55,-0.0884
675920,Groudon,Pokemon,0.046837,0.163271,0.16,0.2869
675921,Cynthia's Gible,Pokemon,0.010876,0.100379,0.12,0.1084
675922,Cynthia's Gabite,Pokemon,-0.000000,0.135482,0.16,-0.0000
675923,Cynthia's Garchomp ex,Pokemon,-0.010005,0.080693,0.84,-0.1240
675924,Riolu,Pokemon,0.035960,0.099230,0.08,0.3624
675925,Mega Lucario ex,Pokemon,-0.023380,0.089252,1.41,-0.2620
675926,Stunfisk ex - 114/217,Pokemon,0.023574,0.125014,0.64,0.1886
675927,Pancham,Pokemon,-0.000000,0.067394,0.11,-0.0000
675928,Mega Hawlucha ex - 116/217,Pokemon,-0.021428,0.051933,1.23,-0.4126
675929,Carbink - 117/217,Pokemon,-0.019269,0.092410,0.06,-0.2085
675930,Rolycoly,Pokemon,-0.063853,0.111768,0.03,-0.5713
675931,Carkol,Pokemon,-0.000000,0.119377,0.06,-0.0000
675932,Coalossal,Pokemon,-0.019269,0.134697,0.06,-0.1431
675933,Koraidon ex,Pokemon,-0.000000,0.139579,0.59,-0.0000
675934,Okidogi,Pokemon,0.060688,0.118674,0.13,0.5114
675935,Gastly,Pokemon,-0.035960,0.110527,0.06,-0.3254
675936,Haunter,Pokemon,-0.044584,0.166173,0.07,-0.2683
675937,Mega Gengar ex - 125/217,Pokemon,0.001845,0.104773,2.73,0.0176
675938,Team Rocket's Murkrow,Pokemon,0.032796,0.042511,0.13,0.7715
675939,Team Rocket's Honchkrow,Pokemon,-0.016104,0.085547,0.8,-0.1882
675940,Poochyena,Pokemon,0.014723,0.077298,0.09,0.1905
675941,Mightyena - 129/217,Pokemon,0.014723,0.097176,0.09,0.1515
675942,Galarian Zigzagoon,Pokemon,-0.019269,0.104448,0.06,-0.1845
675943,Galarian Linoone,Pokemon,0.013170,0.068428,0.1,0.1925
675944,Galarian Obstagoon - 132/217,Pokemon,0.086643,0.106372,0.12,0.8145
675945,Cynthia's Spiritomb - 133/217,Pokemon,-0.000000,0.110096,0.09,-0.0000
675946,Scraggy,Pokemon,0.031414,0.104412,0.09,0.3009
675947,Mega Scrafty ex - 135/217,Pokemon,-0.038242,0.126977,0.95,-0.3012
675948,N's Zorua,Pokemon,0.030145,0.055917,0.14,0.5391
675949,N's Zoroark ex - 137/217,Pokemon,-0.006995,0.062967,1.39,-0.1111
675950,Vullaby,Pokemon,-0.027893,0.099518,0.08,-0.2803
675951,Mandibuzz ex,Pokemon,-0.006200,0.025558,0.59,-0.2426
675952,Pangoro,Pokemon,0.035960,0.099230,0.08,0.3624
675953,Hoopa,Pokemon,-0.039807,0.071994,0.08,-0.5529
675954,Fezandipiti ex - 142/217,Pokemon,-0.008766,0.064430,4.68,-0.1361
675955,Pecharunt,Pokemon,-0.024270,0.102304,0.14,-0.2372
675956,Mawile - 144/217,Pokemon,0.013170,0.093653,0.1,0.1406
675957,Registeel ex,Pokemon,-0.004311,0.091348,0.57,-0.0472
675958,Pawniard,Pokemon,-0.022790,0.109298,0.05,-0.2085
675959,Bisharp,Pokemon,0.016691,0.117607,0.08,0.1419
675960,Kingambit,Pokemon,-0.025084,0.064536,0.09,-0.3887
675961,Togedemaru ex,Pokemon,-0.017389,0.114034,0.67,-0.1525
675962,Dratini,Pokemon,0.035960,0.165244,0.2,0.2176
675963,Dragonair,Pokemon,0.018325,0.128477,0.22,0.1426
675964,Mega Dragonite ex - 152/217,Pokemon,-0.027428,0.057596,7.54,-0.4762
675965,Rayquaza,Pokemon,-0.009263,0.068953,0.26,-0.1343
675966,N's Reshiram,Pokemon,-0.027893,0.127665,0.12,-0.2185
675967,N's Zekrom,Pokemon,0.005436,0.145048,0.47,0.0375
675968,Noibat,Pokemon,0.013170,0.063161,0.1,0.2085
675969,Noivern,Pokemon,-0.000000,0.101972,0.07,-0.0000
675970,Dreepy - 158/217,Pokemon,0.000000,0.173309,0.08,0.0000
675971,Drakloak - 159/217,Pokemon,0.025084,0.086281,0.11,0.2907
675972,Dragapult ex,Pokemon,0.016022,0.085051,1.33,0.1884
675973,Team Rocket's Meowth,Pokemon,-0.014723,0.149022,0.08,-0.0988
675974,Team Rocket's Kangaskhan ex,Pokemon,-0.002232,0.089407,1.11,-0.0250
675975,Larry's Dunsparce,Pokemon,0.060688,0.063738,0.13,0.9522
675976,Larry's Dudunsparce ex,Pokemon,0.006580,0.077413,0.78,0.0850
675977,Skitty,Pokemon,0.032796,0.119087,0.13,0.2754
675978,Delcatty,Pokemon,-0.011914,0.031521,0.1,-0.3780
675979,Zangoose ex,Pokemon,0.000000,0.095898,0.67,0.0000
675980,Larry's Starly,Pokemon,0.035960,0.062498,0.08,0.5754
675981,Larry's Staravia,Pokemon,0.058750,0.254160,0.08,0.2312
675982,Larry's Staraptor - 170/217,Pokemon,0.050683,0.149997,0.12,0.3379
675983,Fan Rotom - 171/217,Pokemon,0.067375,0.090920,0.12,0.7410
675984,Mega Audino ex - 172/217,Pokemon,0.007527,0.070593,1.54,0.1066
675985,Larry's Rufflet,Pokemon,0.031414,0.113352,0.09,0.2771
675986,Larry's Braviary,Pokemon,-0.019269,0.154519,0.06,-0.1247
675987,Larry's Komala,Pokemon,0.031414,0.101864,0.09,0.3084
675988,Drampa,Pokemon,0.000000,0.154449,0.08,0.0000
675989,Hop's Cramorant,Pokemon,-0.019269,0.104448,0.06,-0.1845
675990,Terapagos,Pokemon,0.000000,0.083285,0.09,0.0000
675991,Terapagos ex,Pokemon,-0.001852,0.040900,0.67,-0.0453
675992,Acerola's Mischief,Pokemon,0.000000,0.188260,0.06,0.0000
675993,Air Balloon,Pokemon,-0.010423,0.205103,0.23,-0.0508
675994,Anthea & Concordia - 182/217,Pokemon,0.019269,0.092410,0.07,0.2085
675995,Boss's Orders [Corbeau] - 183/217,Pokemon,-0.042059,0.215893,0.2,-0.1948
675996,Buddy-Buddy Poffin,Pokemon,-0.007578,0.193051,0.16,-0.0393
675997,Canari - 185/217,Pokemon,0.020043,0.082964,0.27,0.2416
675998,Counter Gain - 186/217,Pokemon,0.031414,0.127737,0.09,0.2459
675999,Fighting Gong,Pokemon,-0.013903,0.170853,0.17,-0.0814
676000,Forest of Vitality,Pokemon,0.010005,0.080817,0.13,0.1238
676001,Glass Trumpet - 189/217,Pokemon,0.035960,0.144328,0.08,0.2492
676002,Iris's Fighting Spirit - 190/217,Pokemon,0.022790,0.124567,0.06,0.1830
676003,Light Ball,Pokemon,0.017470,0.081173,0.23,0.2152
676004,Lillie's Determination,Pokemon,0.031414,0.174823,0.45,0.1797
676005,Mega Signal,Pokemon,-0.011914,0.394038,0.1,-0.0302
676006,Mystery Garden,Pokemon,0.025084,0.126575,0.11,0.1982
676007,N's PP Up - 195/217,Pokemon,0.019269,0.159799,0.14,0.1206
676008,Night Stretcher,Pokemon,-0.014723,0.093078,0.24,-0.1582
676009,Nighttime Mine,Pokemon,-0.000000,0.116435,0.23,-0.0000
676010,Poke Pad,Pokemon,-0.009926,0.115188,1.21,-0.0862
676011,Premium Power Pro,Pokemon,0.060688,0.136614,0.13,0.4442
676012,Surfer - 200/217,Pokemon,0.013170,0.077432,0.1,0.1701
676013,Team Rocket's Archer,Pokemon,0.011914,0.136088,0.11,0.0875
676014,Team Rocket's Ariana,Pokemon,-0.009263,0.146231,0.13,-0.0633
676015,Team Rocket's Factory,Pokemon,0.027893,0.064686,0.15,0.4312
676016,Team Rocket's Giovanni,Pokemon,0.019269,0.111827,0.14,0.1723
676017,Team Rocket's Great Ball,Pokemon,0.031414,0.092339,0.09,0.3402
676018,Team Rocket's Hypnotizer,Pokemon,0.035960,0.049224,0.16,0.7305
676019,Team Rocket's Petrel,Pokemon,0.005954,0.092956,0.43,0.0640
676020,Team Rocket's Proton,Pokemon,0.020882,0.124605,0.13,0.1676
676021,Team Rocket's Transceiver - 209/217,Pokemon,0.016691,0.112287,0.16,0.1486
676022,Team Rocket's Watchtower,Pokemon,0.040678,0.075649,0.18,0.5377
676023,Thick Scale,Pokemon,0.025084,0.140211,0.11,0.1789
676024,Tool Scrapper,Pokemon,0.019269,0.108361,0.14,0.1778
676025,Ultra Ball - 213/217,Pokemon,-0.027893,0.078845,0.12,-0.3538
676026,Urbain,Pokemon,0.058750,0.076829,0.08,0.7647
676027,Waitress,Pokemon,-0.000000,0.093043,0.21,-0.0000
676028,Prism Energy,Pokemon,-0.013903,0.334085,0.17,-0.0416
676029,Team Rocket's Energy,Pokemon,-0.007578,0.047540,0.16,-0.1594
676030,Erika's Tangela - 218/217,Pokemon,-0.008727,0.019389,25.03,-0.4501
676031,Beautifly - 219/217,Pokemon,-0.028247,0.065254,7.06,-0.4329
676032,Dustox - 220/217,Pokemon,0.001287,0.018769,4.88,0.0686
676033,Budew - 221/217,Pokemon,0.006758,0.034622,14.25,0.1952
676034,Ethan's Magcargo - 222/217,Pokemon,-0.001046,0.034843,8.33,-0.0300
676035,Numel - 223/217,Pokemon,-0.006218,0.045204,5.49,-0.1376
676036,Salazzle - 224/217,Pokemon,-0.017888,0.049402,3.38,-0.3621
676037,Scorbunny - 225/217,Pokemon,0.003606,0.022504,12.31,0.1602
676038,Psyduck - 226/217,Pokemon,0.008087,0.029288,79.65,0.2761
676039,Snorunt - 227/217,Pokemon,0.000851,0.029088,10.32,0.0292
676040,Weavile - 228/217,Pokemon,-0.011675,0.072955,7.15,-0.1600
676041,Heliolisk - 229/217,Pokemon,0.004718,0.058930,2.97,0.0801
676042,Vikavolt - 230/217,Pokemon,-0.013585,0.039200,3.31,-0.3466
676043,Iono's Wattrel - 231/217,Pokemon,-0.021862,0.030159,10.36,-0.7249
676044,Marill - 232/217,Pokemon,0.007536,0.065620,16.75,0.1148
676045,Misdreavus - 233/217,Pokemon,0.001168,0.083473,6.45,0.0140
676046,Banette - 234/217,Pokemon,0.000616,0.029717,12.21,0.0207
676047,Togekiss - 235/217,Pokemon,-0.002890,0.035583,6.84,-0.0812
676048,Slurpuff - 236/217,Pokemon,-0.001357,0.023129,10.08,-0.0587
676049,Hop's Trevenant - 237/217,Pokemon,-0.016889,0.048754,5.53,-0.3464
676050,Team Rocket's Mimikyu - 238/217,Pokemon,-0.001884,0.010784,28.98,-0.1747
676051,Team Rocket's Dugtrio - 239/217,Pokemon,0.011550,0.017034,12.35,0.6780
676052,Hitmontop - 240/217,Pokemon,0.000508,0.043491,7.4,0.0117
676053,Medicham - 241/217,Pokemon,0.012344,0.040506,6.7,0.3047
676054,Carbink - 242/217,Pokemon,0.003903,0.046023,6.18,0.0848
676055,Mightyena - 243/217,Pokemon,0.002319,0.029690,9.25,0.0781
676056,Cynthia's Spiritomb - 244/217,Pokemon,0.004048,0.025775,15.69,0.1571
676057,Galarian Obstagoon - 245/217,Pokemon,-0.018404,0.067365,4.35,-0.2732
676058,Mawile - 246/217,Pokemon,-0.018898,0.018120,7.23,-1.0429
676059,Dreepy - 247/217,Pokemon,-0.009889,0.017237,14.94,-0.5737
676060,Drakloak - 248/217,Pokemon,-0.001973,0.026645,14.46,-0.0740
676061,Larry's Staraptor - 249/217,Pokemon,-0.004386,0.036017,5.32,-0.1218
676062,Fan Rotom - 250/217,Pokemon,-0.013976,0.045198,5.41,-0.3092
676063,Sprigatito ex,Pokemon,-0.006929,0.056896,3.86,-0.1218
676064,Stunfisk ex - 252/217,Pokemon,0.011154,0.052078,0.82,0.2142
676065,Mega Audino ex - 253/217,Pokemon,0.002302,0.071094,2.74,0.0324
676066,Anthea & Concordia - 254/217,Pokemon,-0.015036,0.077922,1.33,-0.1930
676067,Black Belt's Training,Pokemon,-0.007837,0.061550,1.7,-0.1273
676068,Boss's Orders [Corbeau] - 256/217,Pokemon,0.005855,0.062238,14.86,0.0941
676069,Canari - 257/217,Pokemon,0.004637,0.045519,6.59,0.1019
676070,Cheren,Pokemon,-0.009528,0.058190,1.01,-0.1637
676071,Counter Gain - 259/217,Pokemon,-0.014166,0.069350,0.75,-0.2043
676072,Glass Trumpet - 260/217,Pokemon,-0.006546,0.060932,0.93,-0.1074
676073,Jamming Tower,Pokemon,-0.007186,0.047844,1.69,-0.1502
676074,N's PP Up - 262/217,Pokemon,-0.009526,0.041908,4.42,-0.2273
676075,Team Rocket's Transceiver - 263/217,Pokemon,-0.013210,0.077841,3.14,-0.1697
676076,Ultra Ball - 264/217,Pokemon,-0.020755,0.029472,11.35,-0.7042
676077,Mega Froslass ex - 265/217,Pokemon,0.003254,0.037727,18.29,0.0863
676078,Mega Eelektross ex - 266/217,Pokemon,0.007777,0.104678,6.3,0.0743
676079,Mega Diancie ex - 267/217,Pokemon,0.000231,0.023864,10.84,0.0097
676080,Mega Hawlucha ex - 268/217,Pokemon,-0.005898,0.114654,8.9,-0.0514
676081,Mega Gengar ex - 269/217,Pokemon,0.027253,0.049095,89.69,0.5551
676082,Mega Scrafty ex - 270/217,Pokemon,-0.005103,0.058628,6.0,-0.0870
676083,Mega Dragonite ex - 271/217,Pokemon,0.011517,0.019288,52.49,0.5971
676084,Mega Meganium ex - 272/217,Pokemon,-0.004831,0.006720,92.88,-0.7190
676085,Mega Emboar ex - 273/217,Pokemon,0.007946,0.011113,63.16,0.7150
676086,Mega Feraligatr ex - 274/217,Pokemon,0.006212,0.006645,167.9,0.9349
676087,Mega Froslass ex - 275/217,Pokemon,0.001053,0.012612,82.28,0.0835
676088,Pikachu ex - 276/217,Pokemon,0.018726,0.023347,785.41,0.8021
676089,Pikachu ex - 277/217,Pokemon,0.009857,0.015919,365.96,0.6192
676090,Mega Eelektross ex - 278/217,Pokemon,-0.000496,0.011906,40.21,-0.0417
676091,Iono's Bellibolt ex - 279/217,Pokemon,-0.005497,0.010717,76.96,-0.5129
676092,Lillie's Clefairy ex - 280/217,Pokemon,0.003923,0.008572,175.12,0.4576
676093,Team Rocket's Mewtwo ex - 281/217,Pokemon,0.016469,0.022872,372.81,0.7201
676094,Mega Diancie ex - 282/217,Pokemon,0.001104,0.007686,63.69,0.1436
676095,Mega Hawlucha ex - 283/217,Pokemon,-0.009838,0.008269,68.02,-1.1898
676096,Mega Gengar ex - 284/217,Pokemon,-0.000091,0.015384,1144.71,-0.0059
676097,Mega Scrafty ex - 285/217,Pokemon,0.004007,0.005448,65.94,0.7353
676098,N's Zoroark ex - 286/217,Pokemon,-0.000409,0.004874,143.34,-0.0840
676099,Marnie's Grimmsnarl ex,Pokemon,-0.008881,0.004958,90.72,-1.7913
676100,Fezandipiti ex - 288/217,Pokemon,0.001530,0.002652,85.47,0.5770
676101,Steven's Metagross ex,Pokemon,0.026409,0.016568,106.96,1.5940
676102,Mega Dragonite ex - 290/217,Pokemon,0.003436,0.007231,694.09,0.4752
676103,Canari - 291/217,Pokemon,0.010665,0.024600,51.97,0.4335
676104,Iris's Fighting Spirit - 292/217,Pokemon,0.000895,0.004693,40.66,0.1907
676105,Surfer - 293/217,Pokemon,-0.004277,0.005831,29.59,-0.7336
676106,Mega Charizard Y ex - 294/217,Pokemon,0.003381,0.008208,465.81,0.4119
676107,Mega Dragonite ex - 295/217,Pokemon,-0.000243,0.003894,287.92,-0.0624
676186,Chief Powhatan - Protective Leader,Disney Lorcana,0.016691,0.112889,0.16,0.1479
676187,Sarabi - Protecting the Pride,Disney Lorcana,-0.050683,0.091085,0.06,-0.5564
676188,Grandmother Willow - Ancient Advisor,Disney Lorcana,-0.015170,0.044517,0.93,-0.3408
676189,Lilo - Rock Star,Disney Lorcana,-0.025316,0.071377,0.49,-0.3547
676190,Bambi - Ethereal Fawn,Disney Lorcana,0.003012,0.093195,0.42,0.0323
676191,Widow Tweed - Kindly Soul,Disney Lorcana,-0.008624,0.022817,0.14,-0.3780
676192,Raging Storm,Disney Lorcana,0.012205,0.152368,0.86,0.0801
676193,Morgana Macawber - Reformed Spellcaster,Disney Lorcana,0.020882,0.075203,0.13,0.2777
676194,Christopher Robin - Joining the Fun,Disney Lorcana,-0.016691,0.046610,0.21,-0.3581
676195,Sven - Leaping Reindeer,Disney Lorcana,-0.005103,0.135480,0.72,-0.0377
676196,Big Mama - Clever and Calming,Disney Lorcana,0.022790,0.060297,0.06,0.3780
676197,Boomer - Has the Beak,Disney Lorcana,-0.027893,0.133770,0.04,-0.2085
676198,Chernabog - Unnatural Force,Disney Lorcana,0.045966,0.074848,0.26,0.6141
676199,Dinky - Has the Brains,Disney Lorcana,-0.027893,0.073798,0.04,-0.3780
676200,Squeaks - Cozy Caterpillar,Disney Lorcana,0.000500,0.050000,0.05,0.0100
676201,Aladdin - On the Edge of Adventure,Disney Lorcana,0.035960,0.095142,0.04,0.3780
676202,Copper - Champion of the Forest,Disney Lorcana,-0.005815,0.048824,0.21,-0.1191
676203,Copper - Hound Pup,Disney Lorcana,0.019269,0.084004,0.07,0.2294
676204,Vixey - Forest Friend,Disney Lorcana,0.000000,0.058892,0.09,0.0000
676205,Tod - All Alone,Disney Lorcana,0.019269,0.050981,0.07,0.3780
676206,Minnie Mouse - Mrs. Cratchit,Disney Lorcana,0.006099,0.028309,0.21,0.2154
676207,Tod - Knows All the Tricks,Disney Lorcana,-0.033124,0.037317,2.34,-0.8876
676208,Education or Elimination,Disney Lorcana,-0.000000,0.052680,0.09,-0.0000
676209,Scrooge McDuck - Ghostly Ebenezer,Disney Lorcana,0.007578,0.075236,0.17,0.1007
676210,Taurus Bulba - Steerminator,Disney Lorcana,0.000000,0.143841,0.04,0.0000
676211,Fa Zhou - Honorable Warrior,Disney Lorcana,-0.019269,0.050981,0.06,-0.3780
676212,Liquidator - Iced Over,Disney Lorcana,-0.010876,0.052161,0.11,-0.2085
676213,Olaf - Snowman of Action,Disney Lorcana,-0.013903,0.054650,0.17,-0.2544
676214,Scrooge McDuck - Ebenezer Scrooge,Disney Lorcana,-0.024270,0.086163,0.28,-0.2817
676215,Nani's Payback,Disney Lorcana,0.025599,0.048537,0.27,0.5274
676216,Scrooge's Counting House - Ebenezer's Office,Disney Lorcana,-0.027893,0.112691,0.12,-0.2475
676217,Roo - Little Helper,Disney Lorcana,-0.013170,0.086320,0.09,-0.1526
676218,Kanga - Peaceful Gatherer,Disney Lorcana,-0.031414,0.138123,0.07,-0.2274
676219,Piglet - Entranced by Snow,Disney Lorcana,-0.050683,0.088377,0.04,-0.5735
676220,Mickey Mouse - Tiny Tim's Father,Disney Lorcana,0.000000,0.143841,0.04,0.0000
676221,Minnie Mouse - Tiny Tim's Mother,Disney Lorcana,-0.019269,0.092410,0.06,-0.2085
676222,Daisy Duck - Isabel,Disney Lorcana,0.035960,0.099230,0.08,0.3624
676223,Winnie the Pooh - Hungry Bear,Disney Lorcana,0.000500,0.050000,0.06,0.0100
676224,Splatter Phoenix - Rejected Artist,Disney Lorcana,0.013170,0.063161,0.1,0.2085
676225,Tamatoa - Seeker of Shine,Disney Lorcana,0.004903,0.062301,0.26,0.0787
676226,Morty Fieldmouse - Tiny Tim,Disney Lorcana,-0.011371,0.051087,0.21,-0.2226
676227,Chief Tui - Weaving a Tale,Disney Lorcana,0.000000,0.143841,0.04,0.0000
676228,Distract,Disney Lorcana,-0.000000,0.144078,0.05,-0.0000
676229,Wipe Out!,Disney Lorcana,0.000500,0.050000,0.03,0.0100
676230,Blue Smoke,Disney Lorcana,-0.027893,0.073798,0.04,-0.3780
676231,Tiny Tim's Crutch,Disney Lorcana,0.027893,0.073798,0.05,0.3780
676232,Darkwing's Chair Set,Disney Lorcana,0.013170,0.076529,0.2,0.1721
676233,Darkwing's Gas Device,Disney Lorcana,-0.050683,0.101203,0.06,-0.5008
676234,Hidden Trap,Disney Lorcana,-0.022790,0.060297,0.05,-0.3780
676235,Rapunzel - Ethereal Protector,Disney Lorcana,0.035960,0.049224,0.16,0.7305
676236,Prince Naveen - Bundled Up,Disney Lorcana,0.000000,0.143841,0.04,0.0000
676237,Li Shang - Solemn Son,Disney Lorcana,0.035960,0.116231,0.08,0.3094
676238,Donald Duck - Along for the Ride,Disney Lorcana,0.000000,0.091161,0.05,0.0000
676239,Duke Weaselton - Surly Crook,Disney Lorcana,-0.007145,0.097745,0.17,-0.0731
676240,Li Shang - Valiant Leader,Disney Lorcana,0.011914,0.070424,0.11,0.1692
676241,Angela - Night Warrior,Disney Lorcana,0.004099,0.081247,0.31,0.0504
676242,Darkwing Duck - Darkwarrior,Disney Lorcana,-0.039207,0.052808,0.19,-0.7424
676243,Gigi - Best in Snow,Disney Lorcana,-0.000000,0.047655,0.1,-0.0000
676244,Grand Councilwoman - Galactic Authority,Disney Lorcana,-0.006758,0.075715,0.18,-0.0893
676245,John Smith - Undaunted Protector,Disney Lorcana,0.045127,0.089606,0.33,0.5036
676246,Judy Hopps - Snowball Patrol,Disney Lorcana,0.010005,0.047984,0.13,0.2085
676247,Lilo - Bundled Up,Disney Lorcana,-0.009178,0.088591,1.05,-0.1036
676248,Nearly Indestructible,Disney Lorcana,0.022790,0.060297,0.06,0.3780
676249,Infra-Pink Ultra Scan Specs,Disney Lorcana,0.086643,0.114967,0.06,0.7536
676250,The Thunderquack,Disney Lorcana,-0.019269,0.100753,0.3,-0.1912
676251,Containment Unit,Disney Lorcana,-0.019269,0.080298,0.12,-0.2400
676252,Darkwing Tower - Icy Headquarters,Disney Lorcana,-0.014723,0.119852,0.08,-0.1228
677133,Mother Will Protect You,Disney Lorcana,-0.027893,0.073798,0.04,-0.3780
677134,Space Cows - Unexpected Allies,Disney Lorcana,-0.022790,0.060297,0.05,-0.3780
677135,Game Preserve - Protected Land,Disney Lorcana,0.000500,0.050000,0.09,0.0100
677136,Honker Muddlefoot - Timid Genius,Disney Lorcana,-0.016691,0.044161,0.07,-0.3780
677137,Gosalyn Mallard - Curious Child,Disney Lorcana,-0.035960,0.062498,0.06,-0.5754
677138,Mickey Mouse - Bob Cratchit,Disney Lorcana,0.005556,0.095012,0.23,0.0585
677139,Launchpad - Hideout Defender,Disney Lorcana,-0.042059,0.116905,0.05,-0.3598
677140,Darkwing Duck - Crime Fighter,Disney Lorcana,-0.067375,0.131950,0.07,-0.5106
677141,The Terror That Flaps in the Night,Disney Lorcana,0.000000,0.079015,0.1,0.0000
677142,Tiana - Warm and Happy (Epic),Disney Lorcana,0.010135,0.012193,3.21,0.8312
677143,Grandmother Willow - Ancient Advisor (Epic),Disney Lorcana,-0.006206,0.009953,17.68,-0.6236
677144,Tigger - Bouncing All the Way (Epic),Disney Lorcana,-0.010366,0.010680,11.45,-0.9706
677145,Anna - Little Sister (Epic),Disney Lorcana,-0.007305,0.016928,4.32,-0.4316
677146,Aladdin - On the Edge of Adventure (Epic),Disney Lorcana,-0.008067,0.022472,2.25,-0.3590
677147,Mushu - Sneaky Dragon (Epic),Disney Lorcana,-0.017188,0.015558,2.51,-1.1048
677148,Minnie Mouse - Mrs. Cratchit (Epic),Disney Lorcana,0.018997,0.011905,3.83,1.5958
677149,Hercules - Spectral Demigod (Epic),Disney Lorcana,-0.010944,0.016985,3.06,-0.6444
677150,Elsa - Concerned Sister (Epic),Disney Lorcana,0.004133,0.017995,4.92,0.2296
677151,Goofy - Klutzy Skier (Epic),Disney Lorcana,-0.002277,0.016887,2.72,-0.1348
677152,Winnie the Pooh - Hungry Bear (Epic),Disney Lorcana,-0.005212,0.012282,8.69,-0.4244
677153,Jiminy Cricket - Ghost of Christmas Past (Epic),Disney Lorcana,0.002818,0.008283,3.14,0.3402
677154,Mickey Mouse - Bob Cratchit (Epic),Disney Lorcana,0.007617,0.023599,4.06,0.3227
677155,Donald Duck - Along for the Ride (Epic),Disney Lorcana,0.010612,0.018013,4.3,0.5892
677156,Judy Hopps - Snowball Patrol (Epic),Disney Lorcana,-0.000554,0.008599,4.5,-0.0645
677157,Rapunzel - Ethereal Protector (Epic),Disney Lorcana,0.006550,0.013686,3.33,0.4786
677158,Lilo - Rock Star (Enchanted),Disney Lorcana,0.003559,0.006269,89.07,0.5676
677159,Raging Storm (Enchanted),Disney Lorcana,0.002418,0.003337,149.78,0.7248
677160,Anna - Soothing Sister (Enchanted),Disney Lorcana,0.005965,0.008468,123.18,0.7044
677161,Colors of the Wind (Enchanted),Disney Lorcana,0.002920,0.005299,111.31,0.5510
677162,Mulan - Resourceful Recruit (Enchanted),Disney Lorcana,0.002539,0.005187,73.61,0.4895
677163,Tod - Knows All the Tricks (Enchanted),Disney Lorcana,0.006180,0.004998,88.11,1.2363
677164,Negaduck - Public Enemy Number One (Enchanted),Disney Lorcana,0.002641,0.002999,81.31,0.8808
677165,The Cold Never Bothered Me (Enchanted),Disney Lorcana,0.004756,0.012582,94.56,0.3780
677166,Scrooge McDuck - Reformed Ebenezer (Enchanted),Disney Lorcana,0.004683,0.012637,110.95,0.3706
677167,Belle - Snowfield Strategist (Enchanted),Disney Lorcana,0.000055,0.004023,137.13,0.0136
677168,Tamatoa - Seeker of Shine (Enchanted),Disney Lorcana,0.004300,0.008131,81.03,0.5288
677169,Angel - Experiment 624 (Enchanted),Disney Lorcana,0.003333,0.006764,229.95,0.4928
677170,Darkwing Duck - Cool Under Pressure (Enchanted),Disney Lorcana,0.008451,0.006730,98.2,1.2559
677171,Let's Get Dangerous (Enchanted),Disney Lorcana,-0.000402,0.003311,74.46,-0.1215
677186,Code Card - Ascended Heroes Booster Pack,Pokemon,0.000000,0.091161,0.05,0.0000
677250,Krillin - FS12-03,Dragon Ball Fusion World,-0.015119,0.057419,0.7,-0.2633
677253,Son Goku - FS12-07,Dragon Ball Fusion World,-0.012478,0.042560,1.81,-0.2932
677257,Son Gohan : Youth - FS12-09,Dragon Ball Fusion World,-0.027550,0.078429,0.73,-0.3513
677323,Piccolo - FS12-13,Dragon Ball Fusion World,-0.035231,0.088475,0.43,-0.3982
678151,Blazing Dominion Booster Pack [1st Edition],Yu-Gi-Oh!,-0.000251,0.000663,9.97,-0.3780
678156,Blazing Dominion Booster Box [1st Edition],Yu-Gi-Oh!,-0.001773,0.001653,111.29,-1.0726
678165,Disney Lorcana: Wilds Unknown Booster Box,Disney Lorcana,0.000329,0.001311,133.04,0.2512
678166,Disney Lorcana: Wilds Unknown Booster Box Case,Disney Lorcana,-0.000934,0.001567,570.56,-0.5961
678167,Disney Lorcana: Wilds Unknown Booster Pack,Disney Lorcana,0.000500,0.050000,9.97,0.0100
678168,Disney Lorcana: Wilds Unknown Illumineer's Trove,Disney Lorcana,-0.000234,0.001844,58.66,-0.1270
678649,Battles of Legend: Glorious Gallery Booster Box [1st Edition],Yu-Gi-Oh!,-0.000056,0.000200,111.53,-0.2799
679556,Ascended Heroes Mini Tin Display,Pokemon,0.006319,0.028726,239.36,0.2200
679558,Ascended Heroes Elite Trainer Box Case,Pokemon,0.015846,0.013578,1653.53,1.1670
680277,"Leonardo, Sewer Samurai Art Card (1/54) (Gold-Stamped Signature)",Magic: The Gathering,-0.001297,0.003438,10.55,-0.3771
680279,"Leonardo, Sewer Samurai Art Card (1/54)",Magic: The Gathering,-0.009150,0.031754,1.58,-0.2882
680280,Leonardo's Technique Art Card,Magic: The Gathering,-0.000503,0.001331,2.48,-0.3780
680281,Leonardo's Technique Art Card (Gold-Stamped Signature),Magic: The Gathering,0.009426,0.013116,5.92,0.7187
680283,"Sally Pride, Lioness Leader Art Card (Gold-Stamped Signature)",Magic: The Gathering,-0.000237,0.012224,5.27,-0.0194
680284,"Sally Pride, Lioness Leader Art Card",Magic: The Gathering,-0.009040,0.008482,1.2,-1.0658
680287,"Leonardo, Sewer Samurai Art Card (20/54)",Magic: The Gathering,-0.000000,0.002667,1.87,-0.0000
680290,"Leonardo, Sewer Samurai Art Card (20/54) (Gold-Stamped Signature)",Magic: The Gathering,-0.000408,0.001345,15.28,-0.3036
680293,The Last Ronin's Technique Art Card,Magic: The Gathering,-0.056498,0.075804,0.98,-0.7453
680294,The Last Ronin's Technique Art Card (Gold-Stamped Signature),Magic: The Gathering,0.000811,0.002146,12.37,0.3780
680302,Wooden Cane Art Card (Gold-Stamped),Magic: The Gathering,-0.010508,0.016947,14.71,-0.6200
680305,Wooden Cane Art Card,Magic: The Gathering,-0.000000,0.005749,1.22,-0.0000
680307,"Krang, Master Mind Art Card (4/54) (Gold-Stamped Signature)",Magic: The Gathering,-0.000906,0.004236,5.5,-0.2138
680308,"Krang, Master Mind Art Card (4/54)",Magic: The Gathering,-0.006448,0.007314,1.7,-0.8816
680309,Mind Transfer Protocol Art Card,Magic: The Gathering,-0.002294,0.004264,3.24,-0.5380
680310,Mind Transfer Protocol Art Card (Gold-Stamped Signature),Magic: The Gathering,-0.003104,0.005402,8.75,-0.5746
680313,Kitsune's Technique Art Card,Magic: The Gathering,-0.002703,0.006018,1.83,-0.4491
680314,Kitsune's Technique Art Card (Gold-Stamped Signature),Magic: The Gathering,0.000590,0.001562,8.49,0.3780
680317,"Krang, Master Mind Art Card (25/54) (Gold-Stamped Signature)",Magic: The Gathering,0.000735,0.001274,6.82,0.5773
680318,"Krang, Master Mind Art Card (25/54)",Magic: The Gathering,-0.002252,0.003901,2.2,-0.5773
680321,Mondo Gecko Art Card,Magic: The Gathering,-0.016077,0.020387,1.02,-0.7886
680322,Mondo Gecko Art Card (Gold-Stamped Signature),Magic: The Gathering,0.000500,0.050000,16.41,0.0100
680324,"Krang, the All-Powerful Art Card (Gold-Stamped Signature)",Magic: The Gathering,-0.009675,0.018220,12.55,-0.5310
680325,"Krang, the All-Powerful Art Card",Magic: The Gathering,-0.042663,0.075741,0.59,-0.5633
680327,"Donatello, the Brains Art Card",Magic: The Gathering,-0.011971,0.010275,1.99,-1.1651
680328,"Donatello, the Brains Art Card (Gold-Stamped Signature)",Magic: The Gathering,0.000500,0.050000,6.53,0.0100
680329,"Donatello, Rad Scientist Art Card (Gold-Stamped Signature)",Magic: The Gathering,0.017292,0.045751,9.83,0.3780
680330,"Donatello, Rad Scientist Art Card",Magic: The Gathering,-0.017650,0.028508,2.11,-0.6191
680333,Pain 101 Art Card (Gold-Stamped Signature),Magic: The Gathering,0.000881,0.006210,9.97,0.1418
680335,Pain 101 Art Card,Magic: The Gathering,-0.012756,0.013937,1.21,-0.9153
680337,Shredder's Technique Art Card,Magic: The Gathering,-0.018476,0.022206,1.13,-0.8321
680338,Shredder's Technique Art Card (Gold-Stamped Signature),Magic: The Gathering,0.000674,0.001783,16.74,0.3780
680340,"Splinter, Hamato Yoshi Art Card (Gold-Stamped Signature)",Magic: The Gathering,-0.009962,0.023077,11.09,-0.4317
680341,"Splinter, Hamato Yoshi Art Card",Magic: The Gathering,-0.002585,0.004542,3.35,-0.5691
680342,Splinter's Technique Art Card (Gold-Stamped Signature),Magic: The Gathering,-0.001126,0.001593,4.42,-0.7071
680344,Splinter's Technique Art Card,Magic: The Gathering,-0.004903,0.009068,0.75,-0.5406
680345,"Bebop, Skull & Crossbones Art Card",Magic: The Gathering,-0.015119,0.023132,0.7,-0.6536
680346,"Bebop, Skull & Crossbones Art Card (Gold-Stamped Signature)",Magic: The Gathering,0.000000,0.001170,4.27,0.0000
680348,"Raphael, Tough Turtle Art Card",Magic: The Gathering,-0.023012,0.026061,1.88,-0.8830
680349,"Raphael, Tough Turtle Art Card (Gold-Stamped Signature)",Magic: The Gathering,-0.001620,0.002607,11.5,-0.6213
680350,"Slash, Reptile Rampager Art Card (Gold-Stamped Signature)",Magic: The Gathering,-0.008722,0.012198,11.07,-0.7150
680351,"Slash, Reptile Rampager Art Card",Magic: The Gathering,0.000825,0.005132,1.52,0.1608
680353,Spicy Oatmeal Pizza Art Card,Magic: The Gathering,-0.015212,0.035099,1.7,-0.4334
680355,Spicy Oatmeal Pizza Art Card (Gold-Stamped Signature),Magic: The Gathering,0.004462,0.011805,8.27,0.3780
680356,"Zog, Triceraton Castaway Art Card (Gold-Stamped Signature)",Magic: The Gathering,-0.000797,0.003467,9.38,-0.2299
680357,"Zog, Triceraton Castaway Art Card",Magic: The Gathering,0.000958,0.002534,1.31,0.3780
680358,"Casey Jones, Vigilante Art Card (Gold-Stamped Signature)",Magic: The Gathering,-0.003952,0.010456,11.83,-0.3780
680359,"Casey Jones, Vigilante Art Card",Magic: The Gathering,-0.011371,0.021317,1.47,-0.5335
680361,Storm of Steel Art Card,Magic: The Gathering,-0.003071,0.004211,2.01,-0.7293
680362,Storm of Steel Art Card (Gold-Stamped Signature),Magic: The Gathering,-0.009606,0.010608,19.03,-0.9055
680363,"Michelangelo, Game Master Art Card",Magic: The Gathering,-0.006946,0.008238,1.75,-0.8432
680364,"Michelangelo, Game Master Art Card (Gold-Stamped Signature)",Magic: The Gathering,-0.002045,0.005986,26.68,-0.3416
680365,Food Chain Art Card,Magic: The Gathering,-0.024207,0.027599,1.17,-0.8771
680366,Food Chain Art Card (Gold-Stamped),Magic: The Gathering,-0.001589,0.002136,16.42,-0.7438
680368,"Michelangelo, the Heart Art Card (Gold-Stamped Signature)",Magic: The Gathering,-0.002083,0.005510,25.0,-0.3780
680369,"Michelangelo, the Heart Art Card",Magic: The Gathering,-0.015807,0.034804,3.19,-0.4542
680370,"Leatherhead, Iron Gator Art Card",Magic: The Gathering,-0.006523,0.015041,0.56,-0.4337
680371,"Leatherhead, Iron Gator Art Card (Gold-Stamped Signature)",Magic: The Gathering,0.000592,0.002575,4.23,0.2301
680372,Super Combo Art Card (Gold-Stamped Signature),Magic: The Gathering,-0.000671,0.001163,11.14,-0.5773
680373,Super Combo Art Card,Magic: The Gathering,-0.013527,0.017471,2.8,-0.7742
680374,"Michelangelo, On the Scene Art Card",Magic: The Gathering,-0.003750,0.005446,1.97,-0.6886
680375,"Michelangelo, On the Scene Art Card (Gold-Stamped Signature)",Magic: The Gathering,-0.001180,0.003969,18.98,-0.2973
680378,Lessons from Life Art Card,Magic: The Gathering,-0.005377,0.007130,1.82,-0.7541
680379,Lessons from Life Art Card (Gold-Stamped Signature),Magic: The Gathering,-0.002611,0.005035,19.9,-0.5185
680381,"Mikey & Don, Party Planners Art Card (Gold-Stamped Signature)",Magic: The Gathering,-0.000933,0.004076,8.01,-0.2289
680382,"Mikey & Don, Party Planners Art Card",Magic: The Gathering,-0.011286,0.014792,1.27,-0.7630
680383,"Raph & Leo, Sibling Rivals Art Card",Magic: The Gathering,-0.015392,0.013184,1.45,-1.1674
680385,"Raph & Leo, Sibling Rivals Art Card (Gold-Stamped Signature)",Magic: The Gathering,-0.024379,0.020101,8.08,-1.2128
680386,"Raph & Mikey, Troublemakers Art Card (Gold-Stamped Signature)",Magic: The Gathering,-0.001295,0.002257,10.56,-0.5740
680387,"Raph & Mikey, Troublemakers Art Card",Magic: The Gathering,-0.001918,0.003565,1.94,-0.5381
680388,Bebop & Rocksteady Art Card (Gold-Stamped Signature),Magic: The Gathering,-0.002640,0.006985,24.36,-0.3780
680389,Bebop & Rocksteady Art Card,Magic: The Gathering,-0.004220,0.007003,2.33,-0.6026
680391,"Don & Leo, Problem Solvers Art Card",Magic: The Gathering,-0.004618,0.007158,1.86,-0.6451
680393,"Don & Leo, Problem Solvers Art Card (Gold-Stamped Signature)",Magic: The Gathering,-0.003092,0.005374,5.19,-0.5754
680394,Krang & Shredder Art Card (Gold-Stamped Signature),Magic: The Gathering,-0.000269,0.000710,9.3,-0.3780
680395,Krang & Shredder Art Card,Magic: The Gathering,-0.005320,0.009215,0.46,-0.5773
680396,North Wind Avatar Art Card,Magic: The Gathering,-0.008281,0.020337,0.73,-0.4072
680397,North Wind Avatar Art Card (Gold-Stamped),Magic: The Gathering,-0.000882,0.005531,5.65,-0.1594
680398,Heroes in a Half Shell Art Card (Gold-Stamped Signature),Magic: The Gathering,-0.002182,0.002890,38.61,-0.7551
680399,Heroes in a Half Shell Art Card,Magic: The Gathering,0.002125,0.006887,1.78,0.3085
680401,Humongous Fungus Art Card,Magic: The Gathering,-0.007284,0.010572,1.0,-0.6889
680402,Humongous Fungus Art Card (Gold-Stamped Signature),Magic: The Gathering,0.001862,0.004448,5.41,0.4187
680403,"Baxter, Exzzperimental Zzientist Art Card (Gold-Stamped Signature)",Magic: The Gathering,-0.004522,0.008170,13.3,-0.5535
680404,"Baxter, Exzzperimental Zzientist Art Card",Magic: The Gathering,-0.010570,0.021439,1.02,-0.4930
680405,"Bebop, Porcine Punk Art Card",Magic: The Gathering,-0.012334,0.017754,1.35,-0.6947
680407,"Bebop, Porcine Punk Art Card (Gold-Stamped Signature)",Magic: The Gathering,0.008272,0.014712,13.43,0.5623
680409,"Rat King, the Chaosbringer Art Card (Gold-Stamped Signature)",Magic: The Gathering,-0.009058,0.010342,4.79,-0.8759
680410,"Rat King, the Chaosbringer Art Card",Magic: The Gathering,-0.001451,0.003838,2.57,-0.3780
680412,"Rocksteady, Rowdy Rhino Art Card",Magic: The Gathering,-0.028358,0.044589,1.61,-0.6360
680413,"Rocksteady, Rowdy Rhino Art Card (Gold-Stamped Signature)",Magic: The Gathering,0.000484,0.003167,15.52,0.1529
680414,The Ooze Art Card,Magic: The Gathering,-0.004875,0.004563,3.52,-1.0684
680415,The Ooze Art Card (Gold-Stamped Signature),Magic: The Gathering,0.000500,0.050000,14.66,0.0100
680417,Turtle Van Art Card (Gold-Stamped Signature),Magic: The Gathering,-0.002756,0.005683,12.11,-0.4850
680419,Turtle Van Art Card,Magic: The Gathering,-0.006537,0.011324,1.49,-0.5773
680420,"Krang, Utrom Warlord Art Card",Magic: The Gathering,-0.005264,0.013927,0.93,-0.3780
680421,"Krang, Utrom Warlord Art Card (Gold-Stamped Signature)",Magic: The Gathering,0.002965,0.006064,12.8,0.4889
680422,Technodrome Art Card,Magic: The Gathering,-0.005755,0.005941,1.91,-0.9688
680424,Technodrome Art Card (Gold-Stamped Signature),Magic: The Gathering,0.002638,0.007873,12.93,0.3351
680425,Commander's Plate Art Card (Gold-Stamped Signature),Magic: The Gathering,-0.005304,0.009764,12.92,-0.5432
680426,Commander's Plate Art Card,Magic: The Gathering,-0.021950,0.032050,2.24,-0.6849
680427,Plains Art Card,Magic: The Gathering,-0.020656,0.022512,1.28,-0.9176
680428,Plains Art Card (Gold-Stamped),Magic: The Gathering,0.002080,0.005504,14.54,0.3780
680429,Island Art Card (37/54) (Gold-Stamped Signature),Magic: The Gathering,0.000414,0.005075,9.07,0.0816
680431,Island Art Card (37/54),Magic: The Gathering,-0.022790,0.029270,1.35,-0.7786
680433,Island Art Card (38/54),Magic: The Gathering,-0.006453,0.011677,1.51,-0.5526
680435,Island Art Card (38/54) (Gold-Stamped),Magic: The Gathering,0.003883,0.011189,8.5,0.3471
680436,Swamp Art Card (Gold-Stamped),Magic: The Gathering,-0.004116,0.005164,9.26,-0.7970
680438,Swamp Art Card,Magic: The Gathering,-0.033460,0.037090,3.03,-0.9021
680510,Digital World Shambala Booster Box,Digimon,0.000500,0.050000,184.89,0.0100
680578,Krillin - FS12-02,Dragon Ball Fusion World,0.008067,0.021344,0.16,0.3780
680579,Krillin - FS12-02 (Gold),Dragon Ball Fusion World,-0.018200,0.023538,9.06,-0.7732
680580,Guru,Dragon Ball Fusion World,-0.021559,0.026980,0.85,-0.7991
680581,Guru (Gold),Dragon Ball Fusion World,-0.008456,0.017508,19.86,-0.4830
680584,Son Goku - FS12-05,Dragon Ball Fusion World,-0.011914,0.020643,0.2,-0.5771
680587,Son Goku - FS12-05 (Gold),Dragon Ball Fusion World,0.000500,0.050000,2.99,0.0100
680588,Son Goku - FS12-06,Dragon Ball Fusion World,-0.021577,0.028154,0.69,-0.7664
680596,Son Goku - FS12-06 (Gold),Dragon Ball Fusion World,-0.008269,0.014948,10.82,-0.5532
680598,Son Gohan : Youth - FS12-08,Dragon Ball Fusion World,-0.035960,0.047073,0.21,-0.7639
680599,Son Gohan : Youth - FS12-08 (Gold),Dragon Ball Fusion World,0.000500,0.050000,0.36,0.0100
680602,Dende,Dragon Ball Fusion World,-0.007145,0.018903,0.17,-0.3780
680603,Dende (Gold),Dragon Ball Fusion World,-0.022455,0.055003,4.23,-0.4082
680702,Piccolo - FS12-12,Dragon Ball Fusion World,-0.025599,0.027691,0.22,-0.9245
680703,Piccolo - FS12-12 (Gold),Dragon Ball Fusion World,-0.040048,0.047685,8.95,-0.8398
680704,Bulma - FS12-14,Dragon Ball Fusion World,0.004033,0.026269,0.63,0.1535
680705,Bulma - FS12-14 (Gold),Dragon Ball Fusion World,-0.009396,0.010510,15.5,-0.8940
680711,Disney Lorcana: Wilds Unknown 2-Player Starter Set Display,Disney Lorcana,-0.000013,0.000033,99.92,-0.3780
680870,Bulma - FS12-15,Dragon Ball Fusion World,-0.018073,0.015995,0.45,-1.1299
680871,Bulma - FS12-15 (Gold),Dragon Ball Fusion World,-0.003936,0.012338,25.01,-0.3190
680873,Vegeta,Dragon Ball Fusion World,-0.020315,0.082798,0.34,-0.2454
680874,Vegeta (Gold),Dragon Ball Fusion World,-0.007578,0.013131,20.32,-0.5771
680875,Legendary Warrior,Dragon Ball Fusion World,-0.020724,0.023216,0.61,-0.8927
680876,Legendary Warrior (Gold),Dragon Ball Fusion World,0.000170,0.018891,36.72,0.0090
681333,Mega Evolution: Ascended Heroes Tech Sticker Collection Case,Pokemon,-0.000018,0.005715,425.51,-0.0031
681339,Ascended Heroes Booster Bundle Case,Pokemon,0.012031,0.024063,2126.65,0.5000
681582,Code Card - Ascended Heroes Elite Trainer Box digital bundle,Pokemon,0.000500,0.050000,0.06,0.0100
681583,Code Card - Ascended Heroes Pokemon Center Elite Trainer Box digital bundle,Pokemon,0.000500,0.050000,2.14,0.0100
681586,Son Goku - FS12-01 (Gold),Dragon Ball Fusion World,-0.003194,0.008451,105.48,-0.3780
681587,Krillin - FS12-03 (Gold),Dragon Ball Fusion World,-0.016938,0.015469,27.22,-1.0949
681588,Son Goku - FS12-07 (Gold),Dragon Ball Fusion World,-0.022502,0.011805,36.91,-1.9062
681589,Son Gohan : Youth - FS12-09 (Gold),Dragon Ball Fusion World,0.449187,1.040454,13.09,0.4317
681590,Nail,Dragon Ball Fusion World,-0.022116,0.038356,0.31,-0.5766
681591,Nail (Gold),Dragon Ball Fusion World,-0.017185,0.054283,8.21,-0.3166
681592,Piccolo - FS12-13 (Gold),Dragon Ball Fusion World,-0.008805,0.016344,7.81,-0.5387
681593,Kaio-ken x20,Dragon Ball Fusion World,0.004903,0.012971,0.26,0.3780
681594,Kaio-ken x20 (Gold),Dragon Ball Fusion World,0.013097,0.014512,11.46,0.9025
681965,Code Card - Starter Deck EX: The Beat of Ki (FS12),Dragon Ball Fusion World,-0.012142,0.012283,6.96,-0.9885
682038,Disney Lorcana: Wilds Unknown 2-Player Starter Set,Disney Lorcana,-0.001598,0.001938,43.52,-0.8249
682056,Adventure on Kami's Island Booster Pack,One Piece,0.008349,0.064330,7.12,0.1298
682057,Adventure on Kami's Island Booster Box,One Piece,0.006539,0.034231,238.01,0.1910
682058,Adventure on Kami's Island Booster Box Case,One Piece,0.000319,0.008961,2703.23,0.0355
682789,Double Pack Set Vol. 10,One Piece,-0.016006,0.033354,28.33,-0.4799
682790,Double Pack Set Vol. 10 Display,One Piece,-0.037925,0.040488,224.43,-0.9367
682933,Winterspell Snowball Fight Puzzle Insert (Set of 9),Disney Lorcana,-0.005453,0.016842,1.57,-0.3238
682934,Winterspell Snowball Fight Puzzle Insert (Top Left),Disney Lorcana,0.000500,0.050000,0.3,0.0100
682935,Winterspell Snowball Fight Puzzle Insert (Top Middle),Disney Lorcana,0.000500,0.050000,0.74,0.0100
684320,Potion,Pokemon,0.056498,0.187756,0.11,0.3009
684321,Poke Ball,Pokemon,0.044584,0.112704,0.1,0.3956
684322,Energy Search,Pokemon,0.031414,0.135764,0.18,0.2314
684323,Judge,Pokemon,0.086643,0.321300,0.18,0.2697
684324,Pokemon Catcher,Pokemon,0.075767,0.207496,0.11,0.3651
684325,Crushing Hammer,Pokemon,0.103335,0.123059,0.16,0.8397
684326,Sacred Ash,Pokemon,0.013207,0.132749,3.79,0.0995
684327,Energy Recycler,Pokemon,-0.038505,0.079151,3.16,-0.4865
684328,Forest of Vitality,Pokemon,-0.020369,0.099837,8.08,-0.2040
684329,Lapras ex,Pokemon,0.034108,0.084527,0.67,0.4035
684330,Hole-Digging Shovel,Pokemon,0.025084,0.167727,0.11,0.1496
684331,Wondrous Patch,Pokemon,-0.028191,0.059699,5.02,-0.4722
684332,Poke Pad - 081/088,Pokemon,-0.027215,0.116443,0.74,-0.2337
684333,Poke Pad - 113/088,Pokemon,-0.004989,0.053095,23.33,-0.0940
684334,Binacle,Pokemon,0.050683,0.331169,0.18,0.1530
684335,Barbaracle,Pokemon,0.038769,0.178410,0.15,0.2173
684336,Mega Zygarde ex - 047/088,Pokemon,-0.031588,0.311302,0.8,-0.1015
684337,Mega Zygarde ex - 104/088,Pokemon,-0.010491,0.025771,12.45,-0.4071
684338,Mega Zygarde ex - 120/088,Pokemon,-0.004765,0.019383,104.74,-0.2459
684339,Mega Zygarde ex - 124/088,Pokemon,-0.001903,0.006789,181.9,-0.2803
684340,Meowth ex - 062/088,Pokemon,-0.059174,0.074651,7.73,-0.7927
684341,Meowth ex - 107/088,Pokemon,-0.003905,0.026468,22.69,-0.1475
684342,Meowth ex - 121/088,Pokemon,0.012918,0.032858,173.35,0.3931
684343,Core Memory,Pokemon,0.000000,0.419652,0.11,0.0000
684344,Tarragon - 085/088,Pokemon,-0.000000,0.178309,0.15,-0.0000
684345,Tarragon - 116/088,Pokemon,-0.045718,0.101193,4.28,-0.4518
684346,Naveen - 079/088,Pokemon,0.035960,0.200984,0.12,0.1789
684347,Naveen - 112/088,Pokemon,-0.025084,0.049429,2.61,-0.5075
684348,Lumiose City - 077/088,Pokemon,0.086643,0.270415,0.12,0.3204
684349,Lumiose City - 111/088,Pokemon,-0.012723,0.073970,3.08,-0.1720
684350,Rocky Fighting Energy,Pokemon,-0.025955,0.223109,0.26,-0.1163
684351,Mega Skarmory ex - 055/088,Pokemon,-0.018629,0.189119,0.56,-0.0985
684352,Mega Skarmory ex - 106/088,Pokemon,0.002559,0.052969,6.91,0.0483
684353,Antique Jaw Fossil,Pokemon,0.079499,0.282508,0.17,0.2814
684354,Antique Sail Fossil,Pokemon,0.058750,0.150238,0.16,0.3911
684355,Amaura,Pokemon,0.032796,0.262348,0.13,0.1250
684356,Aurorus - 024/088,Pokemon,-0.008067,0.275169,0.15,-0.0293
684357,Aurorus - 092/088,Pokemon,-0.017216,0.105603,5.35,-0.1630
684358,Tyrunt,Pokemon,0.043538,0.187199,0.17,0.2326
684359,Tyrantrum,Pokemon,-0.029549,0.213016,0.15,-0.1387
684360,Mega Starmie ex - 021/088,Pokemon,-0.020315,0.151984,1.53,-0.1337
684361,Mega Starmie ex - 102/088,Pokemon,-0.005625,0.045834,13.47,-0.1227
684362,Mega Starmie ex - 118/088,Pokemon,0.019319,0.033353,87.43,0.5792
684363,Scatterbug,Pokemon,-0.014723,0.134563,0.08,-0.1094
684364,Spewpa - 008/088,Pokemon,0.000000,0.210776,0.09,0.0000
684365,Spewpa - 089/088,Pokemon,-0.031096,0.061585,2.62,-0.5049
684366,Vivillon,Pokemon,0.027893,0.194381,0.15,0.1435
684367,Rowlet - 010/088,Pokemon,0.022790,0.181535,0.12,0.1255
684368,Rowlet - 090/088,Pokemon,-0.029739,0.051064,7.26,-0.5824
684369,Dartrix,Pokemon,-0.010876,0.185588,0.11,-0.0586
684370,Decidueye ex - 012/088,Pokemon,-0.022381,0.177882,0.51,-0.1258
684371,Decidueye ex - 100/088,Pokemon,-0.043170,0.183160,4.0,-0.2357
684372,Seel,Pokemon,0.063853,0.121860,0.1,0.5240
684373,Dewgong,Pokemon,0.035960,0.261613,0.12,0.1375
684374,Staryu,Pokemon,-0.008624,0.202145,0.14,-0.0427
684375,Growing Grass Energy,Pokemon,0.030640,0.172390,0.23,0.1777
684376,Salazzle ex - 016/088,Pokemon,0.008430,0.253110,0.46,0.0333
684377,Salazzle ex - 101/088,Pokemon,0.001142,0.141496,2.2,0.0081
684378,Honedge,Pokemon,0.086643,0.158085,0.12,0.5481
684379,Doublade - 057/088,Pokemon,0.045966,0.151874,0.13,0.3027
684380,Doublade - 098/088,Pokemon,-0.020480,0.043041,4.55,-0.4758
684381,Aegislash,Pokemon,0.055229,0.199656,0.14,0.2766
684382,Salandit,Pokemon,0.067375,0.224591,0.12,0.3000
684383,Mega Clefable ex - 031/088,Pokemon,-0.020724,0.209023,0.61,-0.0991
684384,Mega Clefable ex - 103/088,Pokemon,-0.014723,0.059052,6.72,-0.2493
684385,Mega Clefable ex - 119/088,Pokemon,-0.001293,0.006957,69.27,-0.1858
684386,Yveltal ex - 053/088,Pokemon,0.018031,0.146713,0.67,0.1229
684387,Yveltal ex - 105/088,Pokemon,0.006459,0.078503,6.95,0.0823
684388,Energy Swatter,Pokemon,0.050683,0.146043,0.09,0.3470
684389,Lumiose Galette,Pokemon,-0.027893,0.302477,0.08,-0.0922
684390,Rosa's Encouragement - 084/088,Pokemon,-0.047436,0.157672,0.13,-0.3009
684391,Rosa's Encouragement - 114/088,Pokemon,-0.010810,0.029926,12.51,-0.3612
684392,Rosa's Encouragement - 123/088,Pokemon,-0.000934,0.011357,84.0,-0.0822
684393,Jacinthe - 075/088,Pokemon,-0.011914,0.290864,0.1,-0.0410
684394,Jacinthe - 110/088,Pokemon,-0.024167,0.059828,5.72,-0.4039
684395,Jacinthe - 122/088,Pokemon,0.006237,0.016015,33.49,0.3894
684396,Telepathic Psychic Energy,Pokemon,0.004839,0.203633,0.79,0.0238
684397,Spinarak,Pokemon,0.027893,0.305502,0.05,0.0913
684398,Ariados,Pokemon,0.042059,0.240591,0.07,0.1748
684399,Shaymin,Pokemon,-0.035960,0.230419,0.06,-0.1561
684400,Snivy,Pokemon,0.011914,0.255656,0.11,0.0466
684401,Servine,Pokemon,0.000000,0.161351,0.09,0.0000
684402,Serperior,Pokemon,-0.010005,0.309676,0.12,-0.0323
684403,Fletchling,Pokemon,0.014723,0.203279,0.09,0.0724
684404,Fletchinder,Pokemon,0.073473,0.145005,0.09,0.5067
684405,Talonflame - 014/088,Pokemon,0.020882,0.183129,0.13,0.1140
684406,Talonflame - 091/088,Pokemon,-0.012317,0.095367,3.38,-0.1291
684407,Turtonator,Pokemon,0.022790,0.175652,0.06,0.1297
684408,Volcanion,Pokemon,0.019269,0.183542,0.07,0.1050
684409,Shinx,Pokemon,0.063853,0.237467,0.1,0.2689
684410,Luxio,Pokemon,0.058750,0.223113,0.08,0.2633
684411,Luxray,Pokemon,0.038769,0.180951,0.15,0.2143
684412,Dedenne - 029/088,Pokemon,0.011914,0.167535,0.11,0.0711
684413,Dedenne - 093/088,Pokemon,-0.010416,0.067638,7.71,-0.1540
684414,Clefairy - 030/088,Pokemon,0.030145,0.121463,0.14,0.2482
684415,Clefairy - 094/088,Pokemon,-0.025937,0.033943,30.79,-0.7641
684416,Mawile,Pokemon,0.063853,0.199869,0.1,0.3195
684417,Espurr - 033/088,Pokemon,0.038769,0.249108,0.15,0.1556
684418,Espurr - 095/088,Pokemon,0.000988,0.075089,6.35,0.0132
684419,Meowstic,Pokemon,0.056498,0.140386,0.11,0.4024
684420,Spritzee,Pokemon,-0.010876,0.300027,0.11,-0.0363
684421,Aromatisse,Pokemon,0.010005,0.179377,0.13,0.0558
684422,Nosepass,Pokemon,0.022790,0.207064,0.06,0.1101
684423,Probopass - 038/088,Pokemon,0.044584,0.144194,0.1,0.3092
684424,Probopass - 096/088,Pokemon,-0.036162,0.136543,1.55,-0.2648
684425,Hippopotas,Pokemon,0.086643,0.163880,0.08,0.5287
684426,Hippowdon,Pokemon,0.016691,0.221710,0.08,0.0753
684427,Landorus,Pokemon,0.078576,0.208439,0.15,0.3770
684428,Hawlucha,Pokemon,0.000000,0.182030,0.05,0.0000
684429,Gastly,Pokemon,0.075767,0.338781,0.11,0.2236
684430,Haunter,Pokemon,0.025084,0.236666,0.11,0.1060
684431,Gengar,Pokemon,0.033414,0.196857,0.81,0.1697
684432,Skorupi,Pokemon,0.027893,0.309347,0.05,0.0902
684433,Drapion - 052/088,Pokemon,0.035960,0.159532,0.08,0.2254
684434,Drapion - 097/088,Pokemon,-0.041442,0.094147,1.45,-0.4402
684435,Chien-Pao,Pokemon,0.022790,0.168402,0.12,0.1353
684436,Klefki,Pokemon,0.035960,0.194717,0.08,0.1847
684437,Rattata,Pokemon,-0.000000,0.249392,0.09,-0.0000
684438,Raticate - 061/088,Pokemon,0.000000,0.333575,0.1,0.0000
684439,Raticate - 099/088,Pokemon,-0.004366,0.099317,4.22,-0.0440
684440,Snorlax,Pokemon,0.017888,0.149797,0.15,0.1194
684441,Bunnelby,Pokemon,0.035960,0.223947,0.08,0.1606
684442,Diggersby,Pokemon,0.031414,0.243729,0.09,0.1289
684443,Furfrou,Pokemon,0.000000,0.192016,0.04,0.0000
684444,Chaos Rising Booster Box,Pokemon,-0.011328,0.011376,242.9,-0.9957
684445,Chaos Rising Booster Box Case,Pokemon,0.002416,0.004227,1441.9,0.5716
684446,Chaos Rising Booster Pack,Pokemon,0.001720,0.006443,13.17,0.2670
684447,Chaos Rising Booster Pack Art Bundle [Set of 4],Pokemon,0.000500,0.050000,49.5,0.0100
684448,Chaos Rising Sleeved Booster Pack,Pokemon,-0.000114,0.000301,10.97,-0.3780
684449,Chaos Rising Sleeved Booster Pack Art Bundle [Set of 4],Pokemon,0.000179,0.000158,41.85,1.1340
684450,Chaos Rising Elite Trainer Box,Pokemon,-0.013415,0.015078,120.22,-0.8897
684451,Chaos Rising Elite Trainer Box Case,Pokemon,0.000500,0.050000,1500.0,0.0100
684452,Chaos Rising Pokemon Center Elite Trainer Box,Pokemon,-0.000123,0.000175,499.61,-0.7036
684454,Chaos Rising Build & Battle Box,Pokemon,-0.048101,0.034082,64.87,-1.4113
684455,Chaos Rising Build & Battle Display,Pokemon,0.000500,0.050000,300.0,0.0100
684456,Chaos Rising Booster Bundle,Pokemon,-0.032934,0.019866,64.69,-1.6578
684457,Chaos Rising Single Pack Blister [Toxel],Pokemon,-0.000070,0.000184,17.97,-0.3780
684458,Chaos Rising 3 Pack Blister [Charmeleon],Pokemon,-0.000094,0.000248,39.93,-0.3780
685000,Premium Poster Collection Case,Pokemon,-0.006803,0.007674,679.76,-0.8865
685195,Mega Evolution: Ascended Heroes Collection case,Pokemon,0.000500,0.050000,600.0,0.0100
685295,Jewelry Bonney (EB04-001),One Piece,-0.067375,0.141734,0.21,-0.4754
685300,Zeff,One Piece,-0.073473,0.130476,0.1,-0.5631
685301,Trafalgar Law,One Piece,-0.073473,0.136801,0.1,-0.5371
685302,Moda,One Piece,-0.071921,0.163105,0.09,-0.4409
685306,It's My Student's Farewell. I Want It to Be Proper.,One Piece,-0.131228,0.208626,0.07,-0.6290
685307,Lulucia Kingdom,One Piece,-0.105912,0.197658,0.06,-0.5358
685308,Alpha,One Piece,-0.173287,0.171925,0.06,-1.0079
685314,Ginny,One Piece,-0.111727,0.341683,0.09,-0.3270
685315,Doll,One Piece,-0.050683,0.316209,0.14,-0.1603
685319,Finger Pistol Yellow Lotus,One Piece,-0.086643,0.202681,0.1,-0.4275
685321,Emet,One Piece,-0.101366,0.182093,0.12,-0.5567
685324,Sentomaru,One Piece,0.026681,0.095077,0.13,0.2806
685326,Bartholomew Kuma (EB04-055),One Piece,-0.109434,0.228157,0.1,-0.4796
685327,Pacifista,One Piece,-0.058750,0.108400,0.1,-0.5420
685328,Vegapunk,One Piece,-0.086643,0.164845,0.12,-0.5256
685332,Gum-Gum Hawk Gatling,One Piece,-0.117284,0.278527,0.09,-0.4211
685336,Krieg (OP15-001),One Piece,-0.038173,0.128944,0.14,-0.2960
685338,Lucy,One Piece,-0.066329,0.194252,0.2,-0.3415
685342,Sea Cat,One Piece,-0.073473,0.109164,0.1,-0.6731
685343,Cabaji,One Piece,-0.105912,0.121248,0.09,-0.8735
685344,Cavendish,One Piece,-0.038173,0.076497,0.14,-0.4990
685349,Koby (OP15-009),One Piece,-0.015645,0.088737,0.15,-0.1763
685350,Nezumi,One Piece,-0.098557,0.192892,0.1,-0.5109
685352,Buggy,One Piece,-0.093402,0.129159,0.09,-0.7232
685353,Pincers,One Piece,-0.086643,0.255923,0.11,-0.3386
685355,Higuma,One Piece,-0.092742,0.193586,0.1,-0.4791
685356,Fullbody,One Piece,-0.122604,0.170735,0.06,-0.7181
685357,Morgan,One Piece,-0.086643,0.242473,0.08,-0.3573
685358,Mohji,One Piece,-0.086643,0.093155,0.11,-0.9301
685359,Barrier Bulls,One Piece,-0.063853,0.112911,0.12,-0.5655
685361,"Just Watch Me, Ace!!!",One Piece,-0.013903,0.061175,0.17,-0.2273
685362,Brook (OP15-022),One Piece,-0.069952,0.146826,0.12,-0.4764
685368,Jango,One Piece,-0.066329,0.141371,0.1,-0.4692
685369,Dracule Mihawk,One Piece,-0.033533,0.180835,0.13,-0.1854
685370,Meowban Brothers,One Piece,-0.063853,0.202192,0.09,-0.3158
685371,Bartholomew Kuma (OP15-029),One Piece,-0.069952,0.083386,0.12,-0.8389
685372,Hyouzou,One Piece,-0.086643,0.124676,0.12,-0.6949
685373,Purinpurin,One Piece,-0.118058,0.103681,0.07,-1.1387
685376,Hody Jones,One Piece,-0.059947,0.090042,0.13,-0.6658
685377,Yorki,One Piece,-0.127706,0.132581,0.09,-0.9632
685378,Laboon,One Piece,-0.026414,0.124254,0.17,-0.2126
685379,Ryuma,One Piece,-0.031414,0.099620,0.14,-0.3153
685380,The Outcome Will Tell Us Who's Strong and Who's Weak,One Piece,-0.061560,0.100290,0.11,-0.6138
685382,Rebecca (OP15-039),One Piece,-0.075767,0.137862,0.12,-0.5496
685385,Orlumbus,One Piece,-0.114536,0.133506,0.08,-0.8579
685387,Kelly Funk,One Piece,-0.086643,0.130670,0.08,-0.6631
685388,Koala,One Piece,-0.080232,0.198982,0.1,-0.4032
685389,Sai,One Piece,-0.086643,0.175299,0.11,-0.4943
685394,Chinjao,One Piece,-0.126450,0.182854,0.08,-0.6915
685395,Hajrudin,One Piece,-0.144085,0.131410,0.06,-1.0964
685396,Bobby Funk,One Piece,-0.124816,0.186248,0.07,-0.6702
685397,Monkey.D.Luffy (OP15-051),One Piece,-0.066329,0.177022,0.1,-0.3747
685398,Leo,One Piece,-0.038436,0.065912,0.25,-0.5831
685401,And No One Else Can Have It! It's Our Memento of Him,One Piece,-0.027893,0.048432,0.12,-0.5759
685403,Would You Let Me Eat the Flame-Flame Fruit?,One Piece,-0.030145,0.115541,0.11,-0.2609
685404,Dressrosa Kingdom,One Piece,-0.030145,0.111499,0.11,-0.2704
685405,Enel (OP15-058),One Piece,-0.086643,0.081963,0.13,-1.0571
685407,Amazon,One Piece,-0.111727,0.206411,0.09,-0.5413
685412,Captain Seamars,One Piece,-0.058750,0.105113,0.1,-0.5589
685414,Kotori,One Piece,-0.105912,0.119517,0.09,-0.8862
685415,Goro,One Piece,-0.092742,0.132633,0.1,-0.6992
685418,Heavenly Warriors,One Piece,-0.057442,0.130784,0.12,-0.4392
685419,Nola,One Piece,-0.035960,0.119016,0.15,-0.3021
685420,Fuza,One Piece,-0.071318,0.192375,0.13,-0.3707
685421,Holly,One Piece,-0.066329,0.113973,0.1,-0.5820
685422,Hotori,One Piece,-0.092742,0.094416,0.1,-0.9823
685423,Yama,One Piece,-0.111727,0.148279,0.09,-0.7535
685424,Varie,One Piece,-0.006758,0.059655,0.18,-0.1133
685425,El Thor,One Piece,-0.069952,0.107839,0.12,-0.6487
685426,Lightning Beast Kiten,One Piece,-0.022790,0.095888,0.2,-0.2377
685431,Absalom,One Piece,-0.057442,0.278495,0.12,-0.2063
685433,Sanji (OP15-081),One Piece,0.032229,0.108665,0.22,0.2966
685434,Charlotte Lola,One Piece,-0.105912,0.191651,0.09,-0.5526
685435,Spoil,One Piece,-0.010876,0.122318,0.11,-0.0889
685436,Dr. Hogback,One Piece,-0.063853,0.175933,0.09,-0.3629
685440,Nico Robin (OP15-087),One Piece,-0.009263,0.130975,0.13,-0.0707
685442,Franky,One Piece,-0.074730,0.122791,0.11,-0.6086
685443,Perona,One Piece,-0.033992,0.048860,0.16,-0.6957
685444,Margarita,One Piece,-0.159121,0.165780,0.07,-0.9598
685447,The Risky Brothers,One Piece,-0.079499,0.057869,0.09,-1.3738
685448,Roronoa Zoro (OP15-094),One Piece,0.020315,0.145016,0.2,0.1401
685449,Gum-Gum Storm,One Piece,-0.043538,0.153842,0.12,-0.2830
685451,I Find It Embarrassing as a Human Being,One Piece,-0.074730,0.096293,0.11,-0.7761
685452,Monkey.D.Luffy (OP15-098),One Piece,-0.119439,0.167091,0.15,-0.7148
685454,Urouge,One Piece,-0.071318,0.069026,0.13,-1.0332
685455,Kamakiri,One Piece,-0.156595,0.111107,0.06,-1.4094
685456,Kalgara,One Piece,-0.022790,0.056323,0.15,-0.4046
685458,Genbo,One Piece,-0.144085,0.145651,0.06,-0.9892
685459,Conis,One Piece,-0.109434,0.125919,0.1,-0.8691
685460,Jewelry Bonney (OP15-105),One Piece,-0.042059,0.072067,0.15,-0.5836
685461,Octoballoon,One Piece,-0.066329,0.109523,0.1,-0.6056
685462,Tony Tony.Chopper (OP15-107),One Piece,-0.258621,0.447908,0.12,-0.5774
685466,Braham,One Piece,-0.086643,0.100004,0.09,-0.8664
685467,Mont Blanc Noland,One Piece,-0.050683,0.160374,0.12,-0.3160
685468,Raki,One Piece,-0.131228,0.192468,0.07,-0.6818
685473,Impact Dial,One Piece,-0.137327,0.117489,0.07,-1.1688
685476,Heso!!,One Piece,-0.098557,0.116607,0.1,-0.8452
686290,Adventure on Kami's Island - Dash Pack,One Piece,-0.080600,0.065113,3.92,-1.2379
686348,Ginny,One Piece,-0.011581,0.029649,7.52,-0.3906
686349,Doll,One Piece,-0.007225,0.008739,3.47,-0.8267
686350,Finger Pistol Yellow Lotus,One Piece,0.000500,0.050000,3.0,0.0100
686351,Emet,One Piece,-0.013337,0.023289,6.75,-0.5727
686352,Bartholomew Kuma (EB04-055),One Piece,-0.026537,0.030260,2.41,-0.8770
686353,Pacifista,One Piece,-0.072789,0.093326,2.24,-0.7800
686354,Vegapunk,One Piece,-0.000312,0.000826,4.0,-0.3780
686355,Gum-Gum Hawk Gatling,One Piece,-0.045519,0.081571,6.26,-0.5580
686356,Sea Cat,One Piece,-0.005103,0.013501,2.4,-0.3780
686359,Cabaji,One Piece,-0.008334,0.020413,2.83,-0.4082
686360,Buggy,One Piece,-0.010880,0.024031,1.39,-0.4528
686361,Pincers,One Piece,-0.045519,0.120433,6.26,-0.3780
686362,Higuma,One Piece,0.024850,0.109222,1.19,0.2275
686363,Morgan,One Piece,-0.073473,0.125885,2.0,-0.5837
686364,Mohji,One Piece,-0.021420,0.024671,1.75,-0.8682
686365,Dracule Mihawk,One Piece,-0.024682,0.061538,7.33,-0.4011
686366,Bartholomew Kuma (OP15-029),One Piece,-0.014768,0.055951,3.11,-0.2639
686367,Purinpurin,One Piece,-0.062522,0.109798,1.51,-0.5694
686368,Hody Jones,One Piece,-0.023820,0.033686,1.35,-0.7071
686369,Yorki,One Piece,-0.053356,0.141167,5.86,-0.3780
686370,Ryuma,One Piece,-0.055598,0.082249,2.66,-0.6760
686371,Kelly Funk,One Piece,-0.013170,0.034845,0.45,-0.3780
686372,Koala,One Piece,-0.107696,0.186534,1.3,-0.5774
686373,Chinjao,One Piece,0.000500,0.050000,2.75,0.0100
686374,Bobby Funk,One Piece,-0.019222,0.050858,3.85,-0.3780
686375,And No One Else Can Have It! It's Our Memento of Him,One Piece,-0.008581,0.013693,7.43,-0.6267
686379,Would You Let Me Eat the Flame-Flame Fruit?,One Piece,0.166546,0.290419,3.79,0.5735
686380,Dressrosa Kingdom,One Piece,-0.040120,0.051930,3.99,-0.7726
686381,Amazon,One Piece,0.000500,0.050000,0.25,0.0100
686382,Kotori,One Piece,0.000500,0.050000,7.0,0.0100
686383,Goro,One Piece,-0.056677,0.099128,1.9,-0.5718
686401,Heavenly Warriors,One Piece,0.000500,0.050000,1.65,0.0100
686402,Fuza,One Piece,-0.041861,0.050130,3.73,-0.8351
686403,Holly,One Piece,0.016897,0.018459,9.57,0.9154
686404,Hotori,One Piece,-0.019769,0.039538,0.77,-0.5000
686405,Yama,One Piece,-0.039576,0.083552,2.47,-0.4737
686406,Absalom,One Piece,0.052339,0.239319,0.38,0.2187
686407,Charlotte Lola,One Piece,-0.098913,0.098913,0.64,-1.0000
686408,Spoil,One Piece,-0.028424,0.067800,2.35,-0.4192
686409,Dr. Hogback,One Piece,0.000589,0.012959,4.86,0.0455
686410,Nico Robin (OP15-087),One Piece,-0.009821,0.024381,23.49,-0.4028
686411,Margarita,One Piece,-0.005832,0.014285,0.48,-0.4082
686412,The Risky Brothers,One Piece,-0.046319,0.122548,5.44,-0.3780
686413,I Find It Embarrassing as a Human Being,One Piece,-0.082935,0.071482,11.63,-1.1602
686414,Kamakiri,One Piece,-0.009135,0.020426,2.13,-0.4472
686415,Genbo,One Piece,-0.015930,0.022529,1.43,-0.7071
686416,Conis,One Piece,-0.006402,0.011089,7.71,-0.5774
686417,Octoballoon,One Piece,0.007498,0.038680,2.92,0.1938
686418,Braham,One Piece,-0.003697,0.006226,2.67,-0.5938
686419,Mont Blanc Noland,One Piece,0.050506,0.178845,3.52,0.2824
686420,Raki,One Piece,-0.008487,0.012217,2.68,-0.6947
686421,Impact Dial,One Piece,-0.061837,0.163605,2.25,-0.3780
686422,Cavendish,One Piece,-0.051163,0.102326,2.71,-0.5000
686423,Koby (OP15-009),One Piece,0.020083,0.028837,8.22,0.6964
686424,Fullbody,One Piece,0.000500,0.050000,0.95,0.0100
686425,Barrier Bulls,One Piece,-0.002519,0.003842,1.97,-0.6556
686426,"Just Watch Me, Ace!!!",One Piece,-0.010746,0.015245,3.2,-0.7049
686427,Jango,One Piece,-0.047604,0.086385,2.74,-0.5511
686428,Meowban Brothers,One Piece,-0.011332,0.015005,4.11,-0.7552
686429,Hyouzou,One Piece,-0.014149,0.037436,2.67,-0.3780
686430,Laboon,One Piece,-0.014875,0.068456,9.1,-0.2173
686431,The Outcome Will Tell Us Who's Strong and Who's Weak,One Piece,0.001266,0.002192,3.96,0.5774
686432,Orlumbus,One Piece,-0.003401,0.007606,0.97,-0.4472
686433,Sai,One Piece,-0.068032,0.096211,0.53,-0.7071
686434,Hajrudin,One Piece,0.000500,0.050000,0.95,0.0100
686435,Monkey.D.Luffy (OP15-051),One Piece,-0.023525,0.018359,4.86,-1.2814
686440,Leo,One Piece,0.073533,0.105067,5.99,0.6999
686441,Captain Seamars,One Piece,-0.041701,0.072644,2.5,-0.5740
686442,Nola,One Piece,-0.010077,0.014999,9.41,-0.6718
686443,Varie,One Piece,-0.058501,0.152640,10.64,-0.3833
686444,El Thor,One Piece,0.010359,0.093324,10.31,0.1110
686445,Lightning Beast Kiten,One Piece,-0.032671,0.061964,5.39,-0.5272
686446,Sanji (OP15-081),One Piece,-0.067170,0.084662,3.57,-0.7934
686447,Franky,One Piece,0.001689,0.014339,2.98,0.1178
686448,Perona,One Piece,-0.048185,0.056253,6.57,-0.8566
686449,Roronoa Zoro (OP15-094),One Piece,-0.042751,0.087522,3.09,-0.4885
686450,Gum-Gum Storm,One Piece,-0.022039,0.032071,3.06,-0.6872
686451,Urouge,One Piece,-0.022546,0.029897,4.27,-0.7541
686452,Kalgara,One Piece,-0.038291,0.062806,5.14,-0.6097
686453,Jewelry Bonney (OP15-105),One Piece,-0.013836,0.049940,5.43,-0.2770
686454,Tony Tony.Chopper (OP15-107),One Piece,-0.019310,0.034811,4.37,-0.5547
686455,Heso!!,One Piece,-0.035706,0.040417,4.82,-0.8834
686456,Adventure on Kami's Island - Release Event Pack,One Piece,-0.024795,0.022962,4.33,-1.0798
686539,Eiganjo Dynastorian,Magic: The Gathering,0.000512,0.004960,19.58,0.1032
686551,Duty Beyond Death,Magic: The Gathering,0.000500,0.050000,6.27,0.0100
686552,Vampiric Tutor,Magic: The Gathering,0.011149,0.025205,63.52,0.4423
686555,Vampiric Tutor (JP Alternate Art),Magic: The Gathering,0.015645,0.041391,283.32,0.3780
686557,Smallpox,Magic: The Gathering,0.012834,0.028554,5.47,0.4495
686566,Reprieve,Magic: The Gathering,-0.013170,0.034845,5.4,-0.3780
686585,Giant Growth,Magic: The Gathering,-0.006338,0.016769,5.96,-0.3780
686636,Disdainful Stroke,Magic: The Gathering,0.000500,0.050000,1.5,0.0100
686637,Force of Will,Magic: The Gathering,-0.008688,0.026118,84.68,-0.3327
686638,Deduce (JP Alternate Art),Magic: The Gathering,0.000500,0.050000,15.0,0.0100
686639,Disdainful Stroke (JP Alternate Art),Magic: The Gathering,0.000500,0.050000,15.0,0.0100
686640,Force of Will (JP Alternate Art),Magic: The Gathering,0.026890,0.047398,309.99,0.5673
686647,Lulucia Kingdom,One Piece,0.025877,0.074747,1.23,0.3462
686648,Nezumi,One Piece,0.112520,0.303816,1.23,0.3704
686649,It's My Student's Farewell. I Want It to Be Proper.,One Piece,-0.059446,0.132925,0.35,-0.4472
686667,Giant Growth (JP Alternate Art),Magic: The Gathering,-0.017248,0.029875,28.0,-0.5774
686691,Anguished Unmaking,Magic: The Gathering,0.000500,0.050000,1.99,0.0100
686692,Fracture,Magic: The Gathering,-0.002030,0.004061,0.98,-0.5000
686698,"Augusta, Order Returned",Magic: The Gathering,0.000500,0.050000,4.97,0.0100
686700,Ceaseless Conflict,Magic: The Gathering,-0.053848,0.142468,6.5,-0.3780
686701,Abstract Performance,Magic: The Gathering,0.000500,0.050000,1.97,0.0100
686930,Forum Filibuster,Magic: The Gathering,-0.070098,0.156744,10.5,-0.4472
687235,Twinflame,Magic: The Gathering,0.000500,0.050000,4.49,0.0100
687333,Dirgur Focusmage,Magic: The Gathering,0.000500,0.050000,9.91,0.0100
687334,Vanguard of the Restless,Magic: The Gathering,0.000500,0.050000,10.0,0.0100
687336,Changing Loyalty,Magic: The Gathering,-0.047372,0.071676,10.16,-0.6609
687337,Surge to Victory,Magic: The Gathering,0.000500,0.050000,1.45,0.0100
687338,Storm-Kiln Artist,Magic: The Gathering,-0.002028,0.002028,2.46,-1.0000
687339,Coercive Impetus,Magic: The Gathering,0.000500,0.050000,7.93,0.0100
687341,Defiling Daemogoth,Magic: The Gathering,-0.000372,0.000526,8.95,-0.7071
687343,Goldspan Dragon,Magic: The Gathering,0.007227,0.007197,9.73,1.0042
687344,Expansion Algorithm,Magic: The Gathering,0.016585,0.121789,10.98,0.1362
687348,Owlin Spiralmancer,Magic: The Gathering,-0.040806,0.069320,7.29,-0.5887
687349,Merchant of Venom,Magic: The Gathering,0.000500,0.050000,7.98,0.0100
687350,Ominous Harvest,Magic: The Gathering,0.013410,0.019881,9.56,0.6746
687352,Flickering Ward,Magic: The Gathering,0.000500,0.050000,5.0,0.0100
687353,Moonshaker Cavalry,Magic: The Gathering,-0.001760,0.002000,11.99,-0.8798
687354,Stensian Sanguinist,Magic: The Gathering,-0.000287,0.000453,9.96,-0.6325
687356,Naktamun Lorespinner,Magic: The Gathering,0.033992,0.055718,13.02,0.6101
687361,Angel of Indemnity,Magic: The Gathering,0.000500,0.050000,3.94,0.0100
687362,Ophiomancer,Magic: The Gathering,-0.002525,0.004374,0.98,-0.5773
687365,Faerie Mastermind,Magic: The Gathering,-0.016036,0.039429,21.99,-0.4067
687367,Renegade Bull,Magic: The Gathering,0.000500,0.050000,1.98,0.0100
687369,Feral Appetite,Magic: The Gathering,0.000500,0.050000,5.46,0.0100
687370,Ingenious Prodigy,Magic: The Gathering,0.000500,0.050000,1.0,0.0100
687371,"Ao, the Dawn Sky",Magic: The Gathering,0.000500,0.050000,0.98,0.0100
687372,Toxic Deluge,Magic: The Gathering,0.000500,0.050000,7.0,0.0100
687374,Archaeomancer's Map,Magic: The Gathering,-0.001344,0.001901,2.47,-0.7071
687379,Kinetic Ooze,Magic: The Gathering,-0.170310,0.275638,5.1,-0.6179
687381,Spirit of Resilience,Magic: The Gathering,0.000500,0.050000,8.9,0.0100
687382,Blight Mound,Magic: The Gathering,0.000500,0.050000,3.99,0.0100
687386,Blood Artist,Magic: The Gathering,-0.000575,0.001408,2.48,-0.4082
687390,Relic Retriever,Magic: The Gathering,0.000500,0.050000,1.97,0.0100
687391,Bloodghast,Magic: The Gathering,0.000500,0.050000,1.99,0.0100
687392,"Nev, the Practical Dean",Magic: The Gathering,-0.059307,0.103786,6.16,-0.5714
687398,Pest Rescuer,Magic: The Gathering,-0.014924,0.036557,8.99,-0.4082
687401,Anger,Magic: The Gathering,-0.001436,0.003517,0.99,-0.4082
687406,Ribtruss Roaster,Magic: The Gathering,-0.078267,0.175011,6.24,-0.4472
687408,Final Act,Magic: The Gathering,-0.002030,0.004061,0.98,-0.5000
687409,Firemane Commando,Magic: The Gathering,-0.027420,0.072547,7.95,-0.3780
687417,Blasphemous Act,Magic: The Gathering,0.000500,0.050000,2.0,0.0100
687422,Guardian of Faith,Magic: The Gathering,0.038360,0.076720,4.24,0.5000
687427,Guardian Scalelord,Magic: The Gathering,0.000500,0.050000,3.69,0.0100
687430,Karmic Guide,Magic: The Gathering,0.000500,0.050000,0.98,0.0100
687431,"Jadar, Ghoulcaller of Nephalia",Magic: The Gathering,-0.034839,0.076514,3.92,-0.4553
687435,Furygale Flocking,Magic: The Gathering,0.000500,0.050000,2.45,0.0100
687438,Land Tax,Magic: The Gathering,-0.000201,0.000201,24.93,-1.0000
687439,Yavimaya Bloomsage,Magic: The Gathering,0.000500,0.050000,19.96,0.0100
687440,Morbid Opportunist,Magic: The Gathering,0.000500,0.050000,0.97,0.0100
687445,Conspiracy Theorist,Magic: The Gathering,0.000500,0.050000,0.99,0.0100
687450,Monologue Tax,Magic: The Gathering,0.050492,0.090021,4.4,0.5609
687451,Benevolent Hydra,Magic: The Gathering,0.006422,0.012844,9.81,0.5000
687454,Nether Traitor,Magic: The Gathering,-0.024512,0.039600,8.17,-0.6190
687458,Path to Exile,Magic: The Gathering,0.000500,0.050000,1.0,0.0100
687459,Tendershoot Dryad,Magic: The Gathering,-0.000720,0.001763,1.98,-0.4082
687465,Unbound Flourishing,Magic: The Gathering,-0.000104,0.000233,15.97,-0.4472
687470,Animist's Awakening,Magic: The Gathering,0.000500,0.050000,1.0,0.0100
687474,Awakening Zone,Magic: The Gathering,0.000500,0.050000,0.99,0.0100
687475,Harmonic Prodigy,Magic: The Gathering,-0.017572,0.025777,14.39,-0.6817
687478,Pawn of Ulamog,Magic: The Gathering,0.000500,0.050000,3.5,0.0100
687479,Radiant Summit,Magic: The Gathering,0.049847,0.096406,1.49,0.5171
687481,Plumb the Forbidden,Magic: The Gathering,0.000500,0.050000,0.98,0.0100
687485,Determined Iteration,Magic: The Gathering,-0.005533,0.013552,9.37,-0.4082
687486,Reliquary Tower,Magic: The Gathering,0.086017,0.125518,1.99,0.6853
687488,Blossoming Bogbeast,Magic: The Gathering,0.035403,0.044487,3.71,0.7958
687492,Smothering Abomination,Magic: The Gathering,0.000500,0.050000,0.98,0.0100
687498,Umbral Collar Zealot,Magic: The Gathering,0.000500,0.050000,0.98,0.0100
687501,Veinwitch Coven,Magic: The Gathering,0.000500,0.050000,1.46,0.0100
687502,"Excava, the Risen Past (Borderless)",Magic: The Gathering,0.000500,0.050000,29.99,0.0100
687505,Viscera Seer,Magic: The Gathering,0.000500,0.050000,1.98,0.0100
687506,Fractal Harness,Magic: The Gathering,0.000500,0.050000,1.0,0.0100
687508,Witch of the Moors,Magic: The Gathering,0.000500,0.050000,1.96,0.0100
687510,Woe Strider,Magic: The Gathering,0.000500,0.050000,0.97,0.0100
687511,"Muddle, the Ever-Changing (Borderless)",Magic: The Gathering,0.000500,0.050000,18.99,0.0100
687513,Goldvein Hydra,Magic: The Gathering,-0.006526,0.163787,5.76,-0.0398
687515,Brass Infiniscope,Magic: The Gathering,0.000500,0.050000,5.44,0.0100
687518,Guardian Augmenter,Magic: The Gathering,-0.030544,0.061088,6.0,-0.5000
687519,Zulaport Cutthroat,Magic: The Gathering,0.029877,0.027037,1.27,1.1050
687521,Hardened Scales,Magic: The Gathering,0.002965,0.007844,2.56,0.3780
687524,Rogue's Passage,Magic: The Gathering,0.000500,0.050000,0.98,0.0100
687525,Kami of Whispered Hopes,Magic: The Gathering,0.009003,0.013725,5.9,0.6559
687529,Lifeblood Hydra,Magic: The Gathering,-0.000596,0.001461,2.39,-0.4082
687531,Arcane Signet,Magic: The Gathering,0.000500,0.050000,1.0,0.0100
687537,"Sram, Senior Edificer",Magic: The Gathering,0.000500,0.050000,5.0,0.0100
687538,Mycoloth,Magic: The Gathering,0.000500,0.050000,3.5,0.0100
687542,Sol Ring,Magic: The Gathering,-0.000716,0.001754,1.99,-0.4082
687543,Nature's Lore,Magic: The Gathering,0.011914,0.020916,2.75,0.5696
687547,Swords to Plowshares,Magic: The Gathering,0.018718,0.045850,1.14,0.4082
687548,Ohran Frostfang,Magic: The Gathering,-0.000278,0.000482,8.98,-0.5774
687551,Open the Way,Magic: The Gathering,0.000500,0.050000,3.99,0.0100
687554,Tocasia's Welcome,Magic: The Gathering,0.000500,0.050000,2.49,0.0100
687556,"Ozolith, the Shattered Spire",Magic: The Gathering,-0.010632,0.026556,11.94,-0.4004
687560,Pest Infestation,Magic: The Gathering,0.000500,0.050000,0.98,0.0100
687566,Primordial Hydra,Magic: The Gathering,0.000500,0.050000,8.48,0.0100
687570,"Bitterthorn, Nissa's Animus",Magic: The Gathering,0.010555,0.023601,15.97,0.4472
687572,Silkguard,Magic: The Gathering,0.050425,0.071312,4.63,0.7071
687576,Defacing Duskmage,Magic: The Gathering,-0.041700,0.093245,7.0,-0.4472
687579,Steelbane Hydra,Magic: The Gathering,-0.000260,0.000637,5.49,-0.4082
687584,Three Visits,Magic: The Gathering,0.006946,0.012135,7.4,0.5724
687589,Tyvar's Stand,Magic: The Gathering,-0.002525,0.004374,0.98,-0.5773
687590,Currency Converter,Magic: The Gathering,0.010539,0.023565,12.24,0.4472
687592,Coastal Peak,Magic: The Gathering,-0.046988,0.120795,6.91,-0.3890
687594,Elementalist's Palette,Magic: The Gathering,0.011096,0.022192,3.15,0.5000
687595,Eclipsed Steppe,Magic: The Gathering,-0.076321,0.120895,10.55,-0.6313
687596,Scorched Geyser,Magic: The Gathering,-0.020612,0.247687,12.62,-0.0832
687598,Turbulent Fen,Magic: The Gathering,-0.049108,0.059924,15.63,-0.8195
687599,Turbulent Moor,Magic: The Gathering,-0.014929,0.028287,14.62,-0.5278
687601,Turbulent Springs,Magic: The Gathering,0.002195,0.029333,14.66,0.0748
687602,Turbulent Steppe,Magic: The Gathering,-0.032692,0.121996,16.95,-0.2680
687603,Assassin's Trophy,Magic: The Gathering,0.000500,0.050000,0.99,0.0100
687605,Turbulent Wilderness,Magic: The Gathering,-0.048980,0.059926,15.64,-0.8173
687606,Umbral Expanse,Magic: The Gathering,0.000500,0.050000,9.88,0.0100
687607,Balefire Liege,Magic: The Gathering,0.000500,0.050000,1.0,0.0100
687608,Haywire Mite,Magic: The Gathering,0.000500,0.050000,1.0,0.0100
687609,Beledros Witherbloom,Magic: The Gathering,-0.002525,0.004374,0.98,-0.5773
687618,Culling Ritual,Magic: The Gathering,0.009280,0.022731,1.59,0.4082
687620,Patchwork Banner,Magic: The Gathering,-0.000479,0.001172,2.98,-0.4082
687627,Stonecoil Serpent,Magic: The Gathering,0.000500,0.050000,0.99,0.0100
687632,The Goose Mother,Magic: The Gathering,0.000500,0.050000,1.5,0.0100
687634,"Gyome, Master Chef",Magic: The Gathering,-0.009788,0.021887,12.73,-0.4472
687643,Eldrazi Conscription,Magic: The Gathering,0.000500,0.050000,5.0,0.0100
687652,Stormcatch Mentor,Magic: The Gathering,0.000500,0.050000,1.0,0.0100
687653,Tanazir Quandrix,Magic: The Gathering,0.000500,0.050000,0.98,0.0100
687656,Vanishing Verse,Magic: The Gathering,0.000500,0.050000,5.46,0.0100
687659,Wight of the Reliquary,Magic: The Gathering,0.000500,0.050000,1.48,0.0100
687664,Command Tower,Magic: The Gathering,-0.018262,0.055073,0.88,-0.3316
687665,Fabled Passage,Magic: The Gathering,0.000500,0.050000,3.64,0.0100
687674,"Emeria, the Sky Ruin",Magic: The Gathering,-0.009630,0.025479,18.48,-0.3780
687689,High Market,Magic: The Gathering,0.000500,0.050000,0.98,0.0100
687695,Lotus Field,Magic: The Gathering,0.015205,0.037245,7.23,0.4082
687701,Opal Palace,Magic: The Gathering,0.000500,0.050000,0.97,0.0100
688208,Coastal Peak (Extended Art),Magic: The Gathering,0.000500,0.050000,9.92,0.0100
688211,Eclipsed Steppe (Extended Art),Magic: The Gathering,-0.008170,0.020195,14.39,-0.4046
688213,Expansion Algorithm (Extended Art),Magic: The Gathering,0.000500,0.050000,9.93,0.0100
688214,Scorched Geyser (Extended Art),Magic: The Gathering,0.000500,0.050000,19.0,0.0100
688217,Turbulent Fen (Extended Art),Magic: The Gathering,0.000500,0.050000,15.99,0.0100
688219,Turbulent Moor (Extended Art),Magic: The Gathering,-0.020470,0.037045,17.33,-0.5526
688221,Turbulent Springs (Extended Art),Magic: The Gathering,0.000500,0.050000,19.0,0.0100
688224,Turbulent Steppe (Extended Art),Magic: The Gathering,0.000500,0.050000,15.99,0.0100
688226,Turbulent Wilderness (Extended Art),Magic: The Gathering,0.000500,0.050000,15.99,0.0100
688227,Ominous Harvest (Extended Art),Magic: The Gathering,0.000500,0.050000,9.94,0.0100
688228,Stensian Sanguinist (Extended Art),Magic: The Gathering,0.007637,0.020205,10.63,0.3780
688229,Umbral Expanse (Extended Art),Magic: The Gathering,0.000500,0.050000,11.11,0.0100
688232,Naktamun Lorespinner (Extended Art),Magic: The Gathering,0.000500,0.050000,9.94,0.0100
688238,Kinetic Ooze (Extended Art),Magic: The Gathering,0.000500,0.050000,14.99,0.0100
688241,Pest Rescuer (Extended Art),Magic: The Gathering,0.000500,0.050000,12.22,0.0100
688243,Yavimaya Bloomsage (Extended Art),Magic: The Gathering,-0.007734,0.013688,18.8,-0.5651
688246,Defacing Duskmage (Extended Art),Magic: The Gathering,0.000500,0.050000,12.22,0.0100
688248,Immoral Bargain (Extended Art),Magic: The Gathering,0.000500,0.050000,12.16,0.0100
688250,Lorehold Archivist (Extended Art),Magic: The Gathering,0.000500,0.050000,12.16,0.0100
688591,Trunks : GT - FB09-109,Dragon Ball Fusion World,0.000500,0.050000,5.0,0.0100
688623,Trafalgar Law,One Piece,-0.078999,0.153015,1.28,-0.5163
688624,Zeff,One Piece,-0.042757,0.046687,3.21,-0.9158
688625,Moda,One Piece,-0.051910,0.089910,2.21,-0.5774
688626,Alpha,One Piece,-0.037958,0.033955,1.15,-1.1179
688628,Sentomaru,One Piece,0.039047,0.201945,3.16,0.1934
688634,Adventure on Kami's Island - Sleeved Booster Pack,One Piece,-0.017483,0.016614,10.29,-1.0523
688725,Pongify,Magic: The Gathering,0.000500,0.050000,6.0,0.0100
688726,Big Score,Magic: The Gathering,0.000500,0.050000,5.0,0.0100
688831,Ad Nauseam,Magic: The Gathering,0.000500,0.050000,19.2,0.0100
688836,Akroma's Will,Magic: The Gathering,-0.019576,0.016740,28.27,-1.1695
688837,Abrade,Magic: The Gathering,-0.006712,0.006712,1.48,-1.0000
688842,Armageddon,Magic: The Gathering,-0.095413,0.095413,18.93,-1.0000
688855,Bitter Triumph,Magic: The Gathering,-0.045464,0.060786,3.49,-0.7479
688866,Burst Lightning,Magic: The Gathering,0.000500,0.050000,2.0,0.0100
688867,Hop to It,Magic: The Gathering,0.000500,0.050000,0.98,0.0100
688870,Knockout Maneuver,Magic: The Gathering,0.000500,0.050000,0.98,0.0100
688873,Feed the Swarm,Magic: The Gathering,-0.066766,0.066766,1.75,-1.0000
688875,Living End,Magic: The Gathering,0.000500,0.050000,3.69,0.0100
688884,Crackle with Power,Magic: The Gathering,0.000500,0.050000,15.0,0.0100
688886,Crop Rotation,Magic: The Gathering,-0.014477,0.020473,7.66,-0.7071
688887,Monstrous Rage,Magic: The Gathering,0.000500,0.050000,1.55,0.0100
688893,Pick Your Poison,Magic: The Gathering,0.000500,0.050000,0.96,0.0100
688897,Culling the Weak (JP Alternate Art),Magic: The Gathering,0.000500,0.050000,24.99,0.0100
688899,Culling the Weak,Magic: The Gathering,0.000500,0.050000,16.74,0.0100
688900,Preordain,Magic: The Gathering,0.000500,0.050000,5.0,0.0100
688901,Daze,Magic: The Gathering,-0.296651,0.060024,6.63,-4.9422
688910,Dismember,Magic: The Gathering,0.000500,0.050000,7.0,0.0100
688919,Pyretic Ritual,Magic: The Gathering,0.000500,0.050000,30.93,0.0100
688920,Repel Calamity,Magic: The Gathering,0.000500,0.050000,0.96,0.0100
688926,Requisition Raid,Magic: The Gathering,0.000500,0.050000,1.0,0.0100
688928,Return the Favor,Magic: The Gathering,-0.003350,0.004738,1.98,-0.7071
688935,Royal Treatment,Magic: The Gathering,0.000500,0.050000,0.96,0.0100
688936,Royal Treatment (JP Alternate Art),Magic: The Gathering,0.000500,0.050000,18.0,0.0100
688940,Shamanic Revelation,Magic: The Gathering,0.000500,0.050000,5.0,0.0100
688948,Zombify,Magic: The Gathering,0.000500,0.050000,0.96,0.0100
688955,Stargaze,Magic: The Gathering,0.000500,0.050000,4.99,0.0100
688962,Spell Pierce (JP Alternate Art),Magic: The Gathering,0.000500,0.050000,41.99,0.0100
689148,Angel's Grace,Magic: The Gathering,0.000500,0.050000,13.62,0.0100
689345,Cyclonic Rift,Magic: The Gathering,0.000500,0.050000,48.96,0.0100
689361,Sheoldred's Edict,Magic: The Gathering,0.000500,0.050000,4.13,0.0100
